recno,Name,PNG,He/H,n_He/H,r_He/H,lg(O/H)+12,r_lg(O/H)+12,lg(N/H)+12,r_lg(N/H)+12,lg(N/O),dhel,r_dhel,RGal,abs(Z),VLSR,abs(DV),Theta,r_Theta,S5GHz,r_S5GHz,Type,p(typeI),p(typeIIa),p(typeIIb),p(typeIII),p(typeIV),Pre-class,Post-class,SimbadName,_RA,_DE
1,A4,144.3-15.5,," ",21,,21,,21,-0.17,6.1,40,12.8,1.63,,,20.0,87,1.5,99,indef.,0.0,0.0,0.0,0.0,1.0,indef.,IV,PN G144.3-15.5,41.34861,42.55137
2,A12,198.6-06.3,0.119," ",3,8.93,3,8.06,3,-0.87,2.0,34,9.5,0.219,,,37.0,78,36.0,99,IIbD,0.0,0.11,0.67,0.22,0.0,IIbD,IIb,PN G198.6-06.3,90.58352,9.65391
3,A18,216.0-00.2,0.152," ",3,7.99,3,7.97,3,-0.02,1.6,34,8.9,0.006,,,73.0,67,17.0,99,ID,0.98,0.02,0.0,0.0,0.0,ID,I,PN G216.0-00.2,104.06108,-2.8855
4,A20,214.9+07.8,0.125," ",3,8.8,3,,3,,2.0,34,9.3,0.271,,,67.0,67,7.0,99,(I/IIa)D*,0.0,0.78,0.16,0.06,0.0,(I/IIa)D*,IIa,PN G214.9+07.8,110.7406,1.75912
5,A24,217.1+14.7,," ",21,,21,,21,0.43,0.3,37,7.8,0.076,0.9,14.0,354.8,87,36.0,99,indef.,1.0,0.0,0.0,0.0,0.0,indef.,I,PN G217.1+14.7,117.90646,3.00583
6,A35,303.6+40.0,," ",21,,21,,21,-0.1,0.2,47,7.5,0.129,-5.9,15.1,772.0,87,255.0,99,indef.,0.75,0.25,0.0,0.0,0.0,indef.,I,PN G303.6+40.0,193.38663,-22.87294
7,A50,078.5+18.7,0.089," ",21,,21,,21,-0.4,2.8,40,7.5,0.898,-145.2,175.2,27.0,87,1.0,99,IIaC,0.0,0.0,0.0,0.0,1.0,IIaC,IV,PN G078.5+18.7,284.83346,48.46534
8,A65,017.3-21.9,0.26,:,22,8.18,22,7.33,22,-0.85,1.5,40,6.3,0.559,21.8,1.9,104.0,87,4.0,99,IIaF,0.0,1.0,0.0,0.0,0.0,IIaF,IIa,PN G017.3-21.9,296.6425,-23.13691
9,A70,038.1-25.4,0.18," ",22,7.98,22,7.52,22,-0.46,3.5,40,5.5,1.501,-69.0,145.0,42.0,87,12.0,99,IIaE,0.0,0.0,0.0,1.0,0.0,IIaE,III,PN G038.1-25.4,307.88825,-7.08831
10,A71,084.9+04.4,," ",21,,21,,21,0.38,0.9,40,7.6,0.069,,,158.0,87,82.8,99,indef.,1.0,0.0,0.0,0.0,0.0,indef.,I,PN G084.9+04.4,308.09673,47.34734
11,A77,097.5+03.1,," ",21,8.41,21,7.02,21,-1.39,1.5,40,7.9,0.081,-103.4,122.5,65.8,87,307.6,99,indef.,0.0,0.0,0.0,0.0,1.0,indef.,IV,PN G097.5+03.1,323.04266,55.87852
12,A82,114.0-04.6,," ",21,,21,,21,-0.28,2.0,40,8.6,0.16,-24.6,25.4,81.0,87,5.3,99,indef.,0.31,0.69,0.0,0.0,0.0,indef.,IIa,PN G114.0-04.6,356.44922,57.06645
13,Al2-0,358.3-02.5,0.16," ",6,8.66,6,8.43,6,-0.23,5.7,35,1.9,0.249,-70.4,43.1,2.4,83,36.8,98,VF,0.35,0.65,0.0,0.0,0.0,VF,IIa,PN G358.3-02.5,267.93917,-32.05111
14,BD+30 3639,064.7+05.0,0.043,:,21,8.66,24,8.04,24,-0.62,1.5,48,7.1,0.131,-17.1,61.1,5.0,80,600.0,99,IIbC/IIIB,0.0,0.56,0.08,0.36,0.0,IIbC/IIIB,IIa,PN G064.7+05.0,293.68847,30.51637
15,Bl3-13,000.9-02.0,0.105," ",6,8.91,6,7.68,6,-1.23,6.9,35,0.7,0.241,255.0,207.7,5.2,"77,72",10.0,91,VF,0.0,0.0,0.0,0.0,1.0,VF,IV,PN G000.9-02.0,269.0115,-29.18784
16,BoBn1,108.4-76.1,0.098," ",23,7.76,23,7.91,23,0.15,10.8,39,8.8,10.484,192.0,192.7,3.0,71,,,IVF,0.0,0.0,0.0,0.0,1.0,IVF,IV,PN G108.4-76.1,9.31678,-13.71624
17,BV1,119.3+00.3,0.165," ",23,8.48,23,8.56,23,0.08,2.2,33,8.9,0.011,,,18.0,79,,,ID,1.0,0.0,0.0,0.0,0.0,ID,I,PN G119.3+00.3,5.00187,62.98421
18,BV5-1,119.3+00.3,0.174," ",21,8.48,21,8.65,21,0.17,4.1,54,10.3,0.021,-66.7,39.4,41.6,87,17.7,99,IF,1.0,0.0,0.0,0.0,0.0,IF,I,PN G119.3+00.3,5.00187,62.98421
19,Cn1-5,002.2-09.4,0.11," ","13,23",9.04,"13,23",8.46,"13,23",-0.58,4.9,33,2.8,0.8,-22.6,43.0,7.0,87,44.0,99,VF,0.0,0.32,0.65,0.03,0.0,VF,IIb,PN G002.2-09.4,277.29855,-31.49978
20,Cn2-1,356.2-04.4,0.11," ",4,8.8,4,8.28,4,-0.52,3.6,40,4.0,0.276,-161.8,143.1,1.7,87,49.0,99,VF,0.0,0.0,0.0,0.9,0.1,VF,III,PN G356.2-04.4,268.63754,-34.37256
21,Cn3-1,038.2+12.0,0.038,:,21,8.67,"16,21",9.12,21,0.45,2.9,40,5.7,0.603,3.6,71.3,5.0,88,75.0,99,IIaC,0.0,1.0,0.0,0.0,0.0,IIaC,IIa,PN G038.2+12.0,274.3921,10.15093
22,CRL 618,166.4-06.5,," ",21,,21,,21,-0.1,3.5,33,11.0,0.396,,,12.0,87,67.0,99,indef.,0.0,1.0,0.0,0.0,0.0,indef.,IIa,PN G166.4-06.5,70.7235,36.11483
23,DdDm1,061.9+41.3,0.096," ","10,9,23",8.13,"10,9,23",7.44,"10,9,23",-0.69,11.0,33,8.2,7.28,-289.6,297.4,0.6,79,6.0,99,IVF,0.0,0.0,0.0,0.0,1.0,IVF,IV,PN G061.9+41.3,250.07565,38.70553
24,Fg1,290.5+07.9,0.123," ","12,17,22",8.53,"12,17,16,22",7.88,"12,17",-0.66,2.4,40,7.1,0.33,22.3,66.4,27.2,87,55.0,99,IIbC/IIIB,0.0,0.56,0.09,0.35,0.0,IIbC/IIIB,IIa,PN G290.5+07.9,172.15085,-52.93445
25,H1-11,002.6+08.1,0.106," ",6,8.67,6,8.02,6,-0.65,6.7,40,1.0,0.944,14.5,75.7,6.0,87,13.0,99,VF,0.0,0.01,0.03,0.94,0.02,VF,III,PN G002.6+08.1,260.32372,-22.30981
26,H1-13,352.8-00.2,0.123," ",6,8.99,6,8.84,6,-0.15,0.8,40,6.8,0.003,-18.8,11.2,14.0,87,620.0,99,VA,0.11,0.89,0.0,0.0,0.0,VA,IIa,PN G352.8-00.2,262.11474,-35.12545
27,H1-14,001.7+05.7,0.103," ",6,8.27,6,7.62,6,-0.65,5.6,35,2.0,0.556,70.2,45.2,6.6,67,22.0,99,VF,0.0,0.37,0.6,0.03,0.0,VF,IIb,PN G001.7+05.7,262.00734,-24.42306
28,H1-15,001.4+05.3,0.1," ",4,8.69,4,7.43,4,-1.26,5.6,40,2.0,0.517,42.8,22.1,4.3,87,13.0,99,VF,0.0,0.0,0.96,0.01,0.03,VF,IIb,PN G001.4+05.3,262.15673,-24.85183
29,H1-16,000.1+04.3,0.093," ",4,8.87,4,8.09,4,-0.78,,,,,65.0,,1.8,88,58.4,95,(V/IIb/III/IV)D,0.0,0.04,0.59,0.25,0.12,(V/IIb/III/IV)D,IIb,PN G000.1+04.3,262.34732,-26.43455
30,H1-17,358.3+03.0,0.083," ",4,8.32,4,8.08,4,-0.24,10.8,33,3.2,0.565,-20.7,8.0,0.9,87,35.0,99,VF,0.0,0.98,0.02,0.0,0.0,VF,IIa,PN G358.3+03.0,262.41911,-28.67281
31,H1-18,357.6+02.6,0.174," ",21,8.71,"16,21",8.96,21,0.25,7.4,54,0.4,0.336,-212.7,38.5,1.5,88,33.0,99,VF,0.0,1.0,0.0,0.0,0.0,VF,IIa,PN G357.6+02.6,262.42816,-29.54728
32,H1-19,358.9+03.4,0.117," ",4,8.47,4,8.24,4,-0.23,4.9,33,2.7,0.291,32.5,43.2,1.4,87,26.0,99,VF,0.0,1.0,0.0,0.0,0.0,VF,IIa,PN G358.9+03.4,262.51061,-27.98821
33,H1-20,358.9+03.2,0.115," ",4,8.8,4,8.47,4,-0.33,4.1,40,3.5,0.229,198.6,205.6,4.0,87,43.9,99,VF,0.0,0.0,0.0,0.0,1.0,VF,IV,PN G358.9+03.2,262.68258,-28.06856
34,H1-23,357.6+01.7,0.141," ",21,8.76,"16,21",8.58,21,-0.18,4.7,33,2.9,0.139,-63.8,42.9,2.5,88,34.8,99,VF,0.82,0.18,0.0,0.0,0.0,VF,I,PN G357.6+01.7,263.1954,-30.00419
35,H1-27,005.0+04.4,0.135," ",4,8.9,4,8.72,4,-0.18,4.7,40,3.0,0.361,29.4,13.0,0.8,87,18.0,99,VF,0.0,1.0,0.0,0.0,0.0,VF,IIa,PN G005.0+04.4,265.07469,-22.32157
36,H1-29,355.2-02.5,0.107," ",4,8.75,4,8.21,4,-0.54,,,,,-9.1,,10.0,68,,,(V/IIa)D,0.01,0.59,0.28,0.02,0.1,(V/IIa)D,IIa,PN G355.2-02.5,266.05758,-34.29251
37,H1-30,352.0-04.6,0.147," ",6,8.76,6,8.78,6,0.02,5.2,35,2.6,0.417,-6.0,78.2,5.4,67,81.3,99,VF,0.0,1.0,0.0,0.0,0.0,VF,IIa,PN G352.0-04.6,266.27826,-38.14708
38,H1-31,355.1-02.9,0.1," ",4,8.77,4,8.21,4,-0.56,11.8,54,4.3,0.597,55.2,76.6,0.7,88,16.0,99,VF,0.0,0.21,0.05,0.73,0.01,VF,III,PN G355.1-02.9,266.38377,-34.56537
39,H1-32,355.6-02.7,0.096," ",4,8.55,4,7.68,4,-0.87,7.7,54,0.6,0.363,-212.2,70.0,1.0,88,37.0,99,VF,0.0,0.01,0.11,0.87,0.01,VF,III,PN G355.6-02.7,266.52621,-34.06285
40,H1-33,355.7-03.0,0.123," ",4,8.82,4,8.51,4,-0.31,8.9,33,1.4,0.466,-112.2,11.7,2.7,87,12.0,99,VF,0.0,0.98,0.02,0.0,0.0,VF,IIa,PN G355.7-03.0,266.95578,-34.13484
41,H1-34,005.5+02.7,0.013,:,6,8.45,6,8.14,6,-0.31,10.5,35,3.0,0.495,23.6,21.8,2.0,82,13.2,97,VF,0.0,1.0,0.0,0.0,0.0,VF,IIa,PN G005.5+02.7,267.03155,-22.77981
42,H1-35,355.7-03.5,0.083," ",13,8.27,13,7.38,13,-0.89,2.5,33,5.1,0.153,131.2,143.5,1.1,87,72.0,99,VF,0.0,0.0,0.0,0.23,0.77,VF,IV,PN G355.7-03.5,267.30808,-34.38138
43,H1-39,356.5-03.9,0.04,:,4,8.67,4,7.28,4,-1.39,7.5,33,0.5,0.51,-77.4,208.0,1.7,87,13.0,99,VF,0.0,0.0,0.0,0.0,1.0,VF,IV,PN G356.5-03.9,268.33751,-33.93289
44,H1-40,359.7-02.6,0.098," ",4,8.36,4,7.9,4,-0.46,3.5,33,4.1,0.159,72.7,74.1,1.3,88,31.0,99,VF,0.0,0.82,0.02,0.15,0.01,VF,IIa,PN G359.7-02.6,268.9002,-30.55891
45,H1-41,356.7-04.8,0.123," ",6,8.64,6,7.95,6,-0.69,6.0,35,1.7,0.502,81.1,144.4,9.6,67,12.0,99,VF,0.0,0.0,0.0,1.0,0.0,VF,III,PN G356.7-04.8,269.32977,-34.16364
46,H1-42,357.2-04.5,0.106," ",6,8.69,6,8.27,6,-0.42,4.9,35,2.7,0.384,-71.2,44.2,5.8,67,40.0,99,VF,0.0,0.96,0.04,0.0,0.0,VF,IIa,PN G357.2-04.5,269.35487,-33.59526
47,H1-43,357.1-04.7,0.011,:,6,8.84,6,8.44,6,-0.4,11.1,35,3.5,0.91,56.9,75.5,2.0,66,6.0,99,VF,0.0,0.21,0.0,0.79,0.0,VF,III,PN G357.1-04.7,269.56012,-33.79375
48,H1-44,358.9-03.7,0.1," ",21,8.67,21,8.46,21,-0.21,3.2,40,4.4,0.207,105.5,110.0,3.6,76,,,VD,0.0,0.22,0.0,0.34,0.44,VD,IV,PN G358.9-03.7,269.54434,-31.71558
49,H1-45,002.0-02.0,0.099," ",6,7.52,6,7.39,6,-0.13,7.7,35,0.3,0.269,-10.0,292.0,6.0,77,23.5,99,VF,0.0,0.0,0.0,0.0,1.0,VF,IV,PN G002.0-02.0,269.5911,-28.24783
50,H1-46,358.5-04.2,0.096," ",6,8.35,6,7.93,6,-0.42,7.3,35,0.4,0.535,-36.1,121.6,1.2,88,43.0,99,VF,0.0,0.0,0.0,0.46,0.54,VF,IV,PN G358.5-04.2,269.76037,-32.36206
51,H1-47,001.2-03.0,0.008,:,4,8.85,4,8.52,4,-0.33,10.0,54,2.4,0.523,116.4,102.3,2.5,87,10.0,99,VF,0.0,0.13,0.0,0.87,0.0,VF,III,PN G001.2-03.0,270.15665,-29.36395
52,H1-50,358.7-05.2,0.102," ",4,8.8,4,8.09,4,-0.71,4.4,33,3.2,0.399,78.5,88.1,1.4,87,31.0,99,VF,0.0,0.0,0.0,0.99,0.01,VF,III,PN G358.7-05.2,270.97275,-32.69504
53,H1-51,356.7-06.4,0.098," ",6,9.51,6,8.27,6,-1.24,5.1,40,2.6,0.568,-200.4,165.4,13.2,67,,,VD,0.0,0.0,0.0,0.0,1.0,VD,IV,PN G356.7-06.4,271.1221,-34.96694
54,H1-54,002.1-04.2,0.081," ",13,8.42,"13,16",7.43,13,-0.99,4.9,33,2.7,0.359,-128.5,148.8,1.2,88,31.0,99,VF,0.0,0.0,0.0,0.03,0.97,VF,IV,PN G002.1-04.2,271.78016,-29.21843
55,H1-55,001.7-04.4,," ",21,9.51,21,8.87,21,-0.64,,,,,-26.8,,2.5,88,5.3,92,indef.,0.01,0.42,0.42,0.1,0.05,indef.,IIa/IIb,PN G001.7-04.4,271.81059,-29.69014
56,H1-56,001.7-04.6,0.1," ",21,8.72,21,7.63,21,-1.09,3.6,40,4.0,0.289,-107.8,116.2,2.5,88,7.8,99,VF,0.0,0.0,0.0,0.83,0.17,VF,III,PN G001.7-04.6,271.9745,-29.74285
57,H1-58,005.1-03.0,0.05,:,13,7.92,13,6.95,13,-0.97,,,,,83.6,,6.3,"77,72",,,(V/IIb/III/IV)D,0.0,0.0,0.1,0.9,0.0,(V/IIb/III/IV)D,III,PN G005.1-03.0,272.30765,-26.04133
58,H1-59,003.8-04.3,0.1," ",21,8.63,"16,21",7.67,21,-0.96,2.6,40,5.0,0.195,16.2,4.8,6.0,87,4.2,99,VF,0.0,0.01,0.99,0.0,0.0,VF,IIb,PN G003.8-04.3,272.87193,-27.77102
59,H1-60,004.2-04.3,0.1," ",21,8.63,21,,21,,4.0,40,3.6,0.3,33.7,8.6,3.8,87,11.3,99,VF,0.0,0.41,0.59,0.0,0.0,VF,IIb,PN G004.2-04.3,273.10481,-27.48693
60,H1-63,002.2-06.3,0.059,:,6,8.06,6,7.48,6,-0.58,11.0,35,3.4,1.207,-20.7,35.8,7.0,"77,72",9.0,101,VF,0.0,0.0,0.02,0.98,0.0,VF,III,PN G002.2-06.3,274.08057,-30.12666
61,H1-66,007.0-06.0,0.132," ",13,8.48,13,8.16,13,-0.32,4.0,40,3.7,0.418,94.7,54.1,6.6,87,6.0,99,VF,0.0,1.0,0.0,0.0,0.0,VF,IIa,PN G007.0-06.0,276.23975,-25.69882
62,H1-67,009.8-04.6,0.125," ",6,8.75,6,8.5,6,-0.25,7.1,35,1.4,0.569,1.9,240.3,5.6,67,11.9,96,VF,0.0,0.0,0.0,0.0,1.0,VF,IV,PN G009.8-04.6,276.27073,-22.58129
63,H2-1,350.9+04.4,0.038,:,23,7.71,23,6.71,23,-1.0,3.4,40,4.3,0.261,-11.2,27.9,5.6,76,61.0,99,VF,0.0,0.01,0.99,0.0,0.0,VF,IIb,PN G350.9+04.4,256.15107,-33.98854
64,H2-10,358.2+03.5,0.089," ",4,8.62,4,7.87,4,-0.75,7.2,33,0.5,0.44,53.1,200.4,2.0,87,20.0,99,VF,0.0,0.0,0.0,0.0,1.0,VF,IV,PN G358.2+03.5,261.88687,-28.51858
65,H2-11,000.7+04.7,0.151," ",6,8.29,6,8.16,6,-0.13,7.9,35,0.3,0.647,19.8,76.6,2.7,70,23.2,91,VF,0.0,1.0,0.0,0.0,0.0,VF,IIa,PN G000.7+04.7,262.35811,-25.81851
66,H2-15,003.8+05.3,0.14," ",21,8.72,21,,21,,7.5,40,0.5,0.693,-53.0,335.7,3.4,87,2.0,99,VF,0.0,0.0,0.0,0.0,1.0,VF,IV,PN G003.8+05.3,263.61174,-22.88881
67,H2-18,006.3+04.4,0.126," ",21,8.52,"16,21",8.69,21,0.17,3.9,40,3.8,0.299,-102.8,138.1,3.0,88,11.0,92,VF,0.0,0.15,0.0,0.0,0.85,VF,IV,PN G006.3+04.4,265.8698,-21.16425
68,H2-24,004.3+01.8,0.14," ",21,7.6,21,,21,,6.3,40,1.4,0.198,-188.2,291.0,4.6,87,13.0,99,VF,0.0,0.0,0.0,0.0,1.0,VF,IV,PN G004.3+01.8,267.15206,-24.27618
69,H2-25,004.8+02.0,0.081," ",6,8.26,6,7.56,6,-0.7,11.4,35,3.9,0.398,26.3,0.8,4.4,67,4.0,99,VF,0.0,0.11,0.89,0.0,0.0,VF,IIb,PN G004.8+02.0,267.252,-23.71516
70,H2-26,356.1-03.3,0.15," ",21,8.43,21,,21,,2.2,40,5.4,0.127,-149.0,139.4,4.6,76,,,VD,0.0,0.0,0.0,1.0,0.0,VD,III,PN G356.1-03.3,267.46193,-34.00434
71,H2-37,002.3-03.4,0.11," ",21,8.62,21,8.18,21,-0.44,2.0,40,5.6,0.119,-147.7,152.8,4.8,76,,,VD,0.0,0.0,0.0,0.75,0.25,VD,III,PN G002.3-03.4,271.12031,-28.62626
72,H2-46,000.8-07.6,0.117," ",13,8.39,13,7.97,13,-0.42,,,,,56.2,,25.0,68,,,VE/IIaD,0.07,0.87,0.05,0.0,0.01,VE/IIaD,IIa,PN G000.8-07.6,274.65602,-31.91262
73,H2-48,011.3-09.4,0.048,:,6,7.93,6,7.12,6,-0.81,5.5,35,2.5,0.898,4.6,116.6,2.0,67,66.0,99,IIbC/(III/IV)B,0.0,0.0,0.0,1.0,0.0,IIbC/(III/IV)B,III,PN G011.3-09.4,281.64645,-23.44673
74,H3-75,193.6-09.5,0.071," ",3,8.52,3,7.76,3,-0.76,2.4,34,9.9,0.396,10.7,4.7,24.0,75,24.0,91,IIbF,0.0,0.08,0.92,0.0,0.0,IIbF,IIb,PN G193.6-09.5,85.18764,12.35646
75,H4-1,049.3+88.1,0.119," ",1,7.85,1,7.91,1,0.06,17.8,33,7.2,17.79,-134.5,135.6,3.0,87,1.3,99,IVF,0.0,0.0,0.0,0.0,1.0,IVF,IV,PN G049.3+88.1,194.86575,27.63628
76,Hb4,003.1+02.9,0.107," ","8,13,23",8.78,"8,13,16,23",8.34,"8,13,23",-0.44,2.2,40,5.4,0.111,-50.1,57.7,7.0,61,170.0,99,VA,0.02,0.96,0.02,0.0,0.0,VA,IIa,PN G003.1+02.9,265.46985,-24.70224
77,Hb5,359.3-00.9,0.13," ",24,8.82,24,9.06,24,0.24,2.0,51,5.6,0.031,-15.2,13.6,13.0,88,548.0,99,VA,0.99,0.01,0.0,0.0,0.0,VA,I,PN G359.3-00.9,266.98411,-29.99497
78,Hb6,007.2+01.8,0.106," ",23,8.65,"16,23",8.43,23,-0.23,1.9,40,5.7,0.06,20.8,5.9,6.0,87,243.0,99,VA,0.04,0.95,0.01,0.0,0.0,VA,IIa,PN G007.2+01.8,268.77926,-21.74444
79,Hb8,003.8-17.1,0.19," ",21,8.43,21,7.71,21,-0.72,5.3,40,2.6,1.558,188.0,149.5,0.8,88,8.0,99,IIaE,0.0,0.0,0.0,1.0,0.0,IIaE,III,PN G003.8-17.1,286.39987,-33.19367
80,Hb12,111.8-02.8,0.097," ","7,15,21",8.19,"7,15,16,21",7.44,"7,15,21",-0.75,2.2,33,8.7,0.107,1.6,2.0,0.7,62,45.0,99,IIbF,0.0,0.07,0.93,0.0,0.0,IIbF,IIb,PN G111.8-02.8,351.56172,58.18185
81,He2-5,264.4-12.7,0.092," ","21,23",8.32,"16,21,23",7.51,"21,23",-0.81,5.4,40,9.7,1.187,120.1,99.2,3.0,87,29.0,99,IIIF,0.0,0.0,0.0,0.72,0.28,IIIF,III,PN G264.4-12.7,116.83342,-51.25095
82,He2-7,264.1-08.1,0.085," ",21,8.46,"16,21",7.98,21,-0.48,3.2,40,8.5,0.451,75.4,78.2,13.0,87,47.0,99,IIaC,0.0,0.49,0.01,0.49,0.01,IIaC,IIa/III,PN G264.1-08.1,122.88287,-48.72131
83,He2-9,258.1-00.3,," ",16,8.28,16,,16,,1.8,33,8.2,0.009,40.4,52.7,4.4,87,194.8,99,indef.,0.27,0.61,0.1,0.02,0.0,indef.,IIa,PN G258.1-00.3,127.11662,-39.39452
84,He2-15,261.6+03.0,0.176," ",1,8.56,1,8.67,1,0.11,2.1,40,8.2,0.11,4.5,16.7,20.0,87,105.0,99,IF,1.0,0.0,0.0,0.0,0.0,IF,I,PN G261.6+03.0,133.37792,-40.06169
85,He2-21,275.3-04.7,0.116," ",1,8.55,1,7.59,1,-0.96,7.2,40,10.0,0.59,120.7,94.2,2.4,87,16.0,99,IIbC/IIIB,0.0,0.0,0.0,1.0,0.0,IIbC/IIIB,III,PN G275.3-04.7,138.4701,-55.47133
86,He2-28,275.2-02.9,0.015,:,12,8.95,12,,12,,4.7,40,8.6,0.238,,,10.0,87,20.0,99,(IIa/IIb)D*,0.0,0.75,0.13,0.12,0.0,(IIa/IIb)D*,IIa,PN G275.2-02.9,140.52844,-54.16072
87,He2-29,275.8-02.9,0.108," ","12,23",8.62,"12,23",8.18,"12,23",-0.43,4.0,40,8.2,0.202,14.7,25.6,14.0,87,24.0,99,IIaF,0.02,0.92,0.06,0.0,0.0,IIaF,IIa,PN G275.8-02.9,141.19097,-54.60429
88,He2-37,274.6+03.5,0.114," ","12,17,23",8.97,"12,17,16,23",8.42,"12,17,23",-0.55,2.3,40,7.8,0.14,2.1,26.7,23.0,87,22.6,99,IIaF,0.03,0.8,0.17,0.0,0.0,IIaF,IIa,PN G274.6+03.5,146.85411,-48.96999
89,He2-47,285.6-02.7,0.057,:,"13,23,22",8.82,"13,23,22",8.11,"13,23,22",-0.71,2.0,40,7.3,0.094,-26.1,12.4,3.0,76,170.0,91,IIbF,0.0,0.21,0.79,0.0,0.0,IIbF,IIb,PN G285.6-02.7,155.7881,-60.54506
90,He2-48,282.9+03.8,0.098," ","12,17,23",8.56,"12,17,16,23",8.04,"12,17,23",-0.52,5.1,40,8.1,0.338,,,14.0,76,,,IIaD,0.0,0.74,0.24,0.02,0.0,IIaD,IIa,PN G282.9+03.8,157.88332,-53.55856
91,He2-51,288.8-05.2,0.121," ","12,23,22",8.62,"12,16,23,22",8.3,"12,23,22",-0.32,3.0,40,7.2,0.272,0.0,41.5,9.0,87,57.0,99,IIaF,0.0,0.99,0.01,0.0,0.0,IIaF,IIa,PN G288.8-05.2,158.94092,-64.31993
92,He2-55,286.3+02.8,0.12," ","12,17",8.66,"12,17,16",7.95,"12,17",-0.71,2.6,40,7.3,0.127,-28.7,10.0,18.0,76,,,IIbF,0.0,0.43,0.57,0.0,0.0,IIbF,IIb,PN G286.3+02.8,162.17987,-56.05284
93,He2-57,289.6-01.6,0.105," ",12,8.6,12,8.0,12,-0.6,2.2,40,7.2,0.061,,,20.0,76,,,IIaD,0.0,0.56,0.38,0.06,0.0,IIaD,IIa,PN G289.6-01.6,164.0125,-61.46872
94,He2-67,292.8+01.1,0.12," ",22,8.91,22,8.04,22,-0.87,4.3,40,7.1,0.083,53.0,96.4,5.0,76,41.0,91,IIbC/IIIB,0.0,0.0,0.0,1.0,0.0,IIbC/IIIB,III,PN G292.8+01.1,172.19737,-60.11036
95,He2-71,296.4-06.9,0.041,:,13,8.31,13,7.33,13,-0.98,7.8,40,8.1,0.937,51.4,64.6,3.0,76,35.1,91,IIbC/IIIB,0.0,0.0,0.0,1.0,0.0,IIbC/IIIB,III,PN G296.4-06.9,174.79666,-68.86921
96,He2-76,298.2-01.7,0.069," ",12,8.39,12,7.76,12,-0.63,1.6,40,7.0,0.047,,,17.8,76,,,IIbD,0.0,0.35,0.38,0.27,0.0,IIbD,IIb,PN G298.2-01.7,182.10597,-64.20259
97,He2-77,298.1-00.7,0.116," ",12,8.58,12,7.28,12,-1.3,0.6,40,7.3,0.007,,,25.0,76,2626.1,91,IIbD,0.0,0.0,0.9,0.1,0.0,IIbD,IIb,PN G298.1-00.7,182.255,-63.26556
98,He2-86,300.7-02.0,0.098," ",13,8.81,"13,16",8.52,13,-0.29,2.6,40,6.7,0.091,-12.6,45.3,3.6,87,125.0,99,IIaF,0.02,0.98,0.0,0.0,0.0,IIaF,IIa,PN G300.7-02.0,187.627,-64.86826
99,He2-97,307.2-09.0,0.091," ","12,23",8.56,"12,23",7.89,"12,23",-0.67,4.9,40,6.1,0.767,47.4,124.9,5.0,76,30.0,91,IIbC/(III/IV)B,0.0,0.0,0.0,0.46,0.54,IIbC/(III/IV)B,IV,PN G307.2-09.0,206.34331,-71.48226
100,He2-99,309.0-04.2,0.098," ",12,8.79,"12,16",7.85,12,-0.94,4.2,40,5.9,0.308,-2.1,79.8,17.0,87,18.0,99,IIbC/IIIB,0.0,0.0,0.02,0.97,0.01,IIbC/IIIB,III,PN G309.0-04.2,208.12785,-66.39069
101,He2-105,308.6-12.2,0.097," ",12,8.21,12,7.25,12,-0.96,3.6,40,6.1,0.761,,,35.0,87,14.0,99,IIbD,0.0,0.0,0.46,0.53,0.01,IIbD,III,PN G308.6-12.2,213.85335,-74.21295
102,He2-108,316.1+08.4,," ",16,8.22,16,,16,,6.0,43,5.3,0.876,-11.4,91.5,11.0,87,32.0,99,indef.,0.0,0.0,0.0,0.96,0.04,indef.,III,PN G316.1+08.4,214.53704,-52.17771
103,He2-111,315.0-00.3,0.185," ",24,8.43,24,8.48,24,0.05,2.8,40,6.0,0.015,-11.8,62.0,12.0,87,73.0,99,IC,1.0,0.0,0.0,0.0,0.0,IC,I,PN G315.0-00.3,218.32667,-60.82639
104,He2-112,319.2+06.8,0.127," ","13,12,23",8.64,"13,12,16,23",8.44,"13,12,23",-0.2,2.5,40,5.9,0.296,,,14.6,87,82.0,99,ID,0.0,1.0,0.0,0.0,0.0,ID,IIa,PN G319.2+06.8,220.12885,-52.58241
105,He2-115,321.3+02.8,0.105," ","13,17",8.65,"13,17,16",7.92,"13,17",-0.74,1.9,33,6.2,0.093,-55.8,0.4,3.0,87,156.0,99,IIbF,0.0,0.11,0.89,0.0,0.0,IIbF,IIb,PN G321.3+02.8,226.3199,-55.18622
106,He2-117,320.9+02.0,0.148," ",1,8.11,1,7.9,1,-0.21,1.7,40,6.4,0.059,44.9,96.2,5.0,87,267.0,99,IC,0.42,0.57,0.0,0.01,0.0,IC,IIa,PN G320.9+02.0,226.49664,-55.98792
107,He2-118,327.5+13.3,0.084," ","13,23",8.88,"13,23",7.96,"13,23",-0.91,8.4,40,4.4,1.932,-131.2,11.5,3.0,76,10.0,94,IVC/IIbB,0.0,0.0,0.0,0.77,0.23,IVC/IIbB,III,PN G327.5+13.3,226.55721,-42.99902
108,He2-119,317.1-05.7,0.121," ","12,22",8.8,"12,16,22",8.53,"12,22",-0.27,1.7,40,6.5,0.169,-12.5,39.5,50.0,87,94.0,99,IIaF,0.13,0.87,0.0,0.0,0.0,IIaF,IIa,PN G317.1-05.7,227.66977,-64.67457
109,He2-123,323.9+02.4,0.134," ","13,17",8.72,"13,17,16",8.64,"13,17",-0.07,2.9,40,5.5,0.121,-11.0,66.8,4.6,87,110.0,99,IC,0.36,0.64,0.0,0.0,0.0,IC,IIa,PN G323.9+02.4,230.58067,-54.13688
110,He2-131,315.1-13.0,," ",16,8.67,"16,21",8.25,21,-0.42,2.8,42,6.0,0.63,-3.9,66.7,6.0,87,325.0,99,indef.,0.0,0.92,0.03,0.05,0.0,indef.,IIa,PN G315.1-13.0,234.29659,-71.91468
111,He2-137,329.0+01.9,0.17,:,22,8.3,22,6.81,22,-1.49,1.6,51,6.3,0.053,-29.3,15.0,72.0,87,75.0,99,IIaF,0.0,0.95,0.02,0.03,0.0,IIaF,IIa,PN G329.0+01.9,237.92056,-51.52455
112,He2-138,320.1-09.6,," ",17,8.74,"17,16",8.3,17,-0.45,3.5,43,5.4,0.584,-58.1,30.3,7.0,87,76.0,99,indef.,0.0,0.87,0.13,0.0,0.0,indef.,IIa,PN G320.1-09.6,239.00707,-66.15256
113,He2-140,327.1-01.8,0.07," ","13,17",8.69,"13,17,16",8.24,"13,17",-0.45,2.9,40,5.4,0.091,-68.8,8.0,2.6,87,80.0,99,IIaF,0.0,0.9,0.1,0.0,0.0,IIaF,IIa,PN G327.1-01.8,239.5336,-55.69726
114,He2-141,325.4-04.0,0.128," ",1,8.87,1,8.34,1,-0.53,2.8,40,5.5,0.195,-45.3,29.4,13.8,87,51.0,99,IIaF,0.07,0.89,0.04,0.0,0.0,IIaF,IIa,PN G325.4-04.0,239.78651,-58.3981
115,He2-143,327.8-01.6,0.16," ",1,8.57,1,8.36,1,-0.21,2.7,40,5.5,0.075,-33.4,37.9,5.2,87,120.0,99,IF,0.98,0.02,0.0,0.0,0.0,IF,I,PN G327.8-01.6,240.24635,-55.09437
116,He2-149,329.4-02.7,0.123," ",13,8.27,13,7.3,13,-0.97,12.8,33,7.3,0.603,-111.1,91.2,3.0,87,10.0,99,IIbC/IIIB,0.0,0.0,0.0,1.0,0.0,IIbC/IIIB,III,PN G329.4-02.7,243.60111,-54.79412
117,He2-152,333.4+01.1,0.269,:,23,8.12,23,8.72,23,0.6,2.0,40,5.9,0.038,-60.7,11.9,11.0,87,196.0,99,IF,1.0,0.0,0.0,0.0,0.0,IF,I,PN G333.4+01.1,243.83346,-49.22243
118,He2-153,330.6-02.1,0.136," ","13,23",8.2,"13,16,23",8.28,"13,23",0.07,1.2,40,6.6,0.044,-38.0,3.1,13.0,87,1.1,99,IF,0.97,0.03,0.0,0.0,0.0,IF,I,PN G330.6-02.1,244.3101,-53.53566
119,He2-157,331.0-02.7,0.097," ","13,17",8.89,"13,17,16",8.12,"13,17",-0.78,5.4,40,3.9,0.254,-67.7,78.4,3.0,87,30.0,99,IIbC/IIIB,0.0,0.01,0.02,0.96,0.01,IIbC/IIIB,III,PN G331.0-02.7,245.55943,-53.68169
120,He2-158,327.8-06.1,0.109," ","13,17",8.77,"13,17,16",7.96,"13,17",-0.81,10.0,40,5.4,1.063,-37.9,38.7,2.0,87,2.7,99,IIIC/IIbB,0.0,0.0,0.45,0.54,0.01,IIIC/IIbB,III,PN G327.8-06.1,245.87752,-58.32296
121,He2-164,332.0-03.3,," ",16,8.68,16,,16,,2.3,40,5.7,0.132,-70.6,13.3,16.0,87,97.0,99,indef.,0.38,0.44,0.18,0.0,0.0,indef.,IIa,PN G332.0-03.3,247.4719,-53.3876
122,He2-170,332.3-04.2,0.097," ","13,23",8.73,"13,23",7.92,"13,23",-0.81,7.1,40,3.6,0.52,63.0,229.0,3.0,76,15.0,91,IIbC/(III/IV)B,0.0,0.0,0.0,0.0,1.0,IIbC/(III/IV)B,IV,PN G332.3-04.2,248.83821,-53.83642
123,He2-175,345.6+06.7,0.129," ",13,9.01,13,8.61,13,-0.4,6.4,40,2.1,0.747,-27.0,168.2,6.6,87,26.8,99,IIaC,0.0,0.0,0.0,0.18,0.82,IIaC,IV,PN G345.6+06.7,249.86713,-36.57122
124,He2-250,000.7+03.2,0.123," ",4,9.0,4,8.61,4,-0.39,2.7,40,4.9,0.151,-165.6,167.8,5.0,88,15.0,99,VF,0.0,0.0,0.0,0.96,0.04,VF,III,PN G000.7+03.2,263.72796,-26.59914
125,He2-260,008.2+06.8,0.009,:,6,8.18,6,7.14,6,-1.04,11.7,35,4.2,1.385,32.8,3.2,10.0,78,13.0,99,IIIC/IIbB,0.0,0.0,0.0,1.0,0.0,IIIC/IIbB,III,PN G008.2+06.8,264.73792,-18.29306
126,He2-262,001.2+02.1,0.118," ",6,8.48,6,7.82,6,-0.66,6.7,35,0.9,0.246,-163.0,210.5,4.0,67,26.0,99,VF,0.0,0.0,0.0,0.0,1.0,VF,IV,PN G001.2+02.1,265.05339,-26.73927
127,He2-406,008.6-07.0,0.126," ",13,9.04,13,8.61,13,-0.43,,,,,37.9,,3.0,63,,,(IIa/V)D,0.13,0.84,0.03,0.0,0.0,(IIa/V)D,IIa,PN G008.6-07.0,277.97019,-24.77126
128,He2-434,320.3-28.8,0.116," ",12,8.65,12,7.84,12,-0.81,,,,,35.0,,10.0,68,20.4,91,(IIb/III/IV)D,0.0,0.09,0.66,0.24,0.01,(IIb/III/IV)D,IIb,PN G320.3-28.8,293.45592,-74.54963
129,He3-1357,331.3-12.1,0.093," ",23,8.45,23,7.71,23,-0.74,,,,,14.3,,,--,,,(IIb/III/IV)D,0.0,0.06,0.59,0.22,0.13,(IIb/III/IV)D,IIb,PN G331.3-12.1,259.12583,-59.51083
130,Hf2-2,005.1-08.9,0.18," ",21,8.04,21,7.36,21,-0.68,4.5,40,3.2,0.696,63.8,26.0,18.6,76,,,VD,0.0,1.0,0.0,0.0,0.0,VD,IIa,PN G005.1-08.9,278.1289,-28.72235
131,Hu1-1,119.6-06.7,0.094," ","21,23",8.68,"16,21,23",7.97,"21,23",-0.71,6.7,33,12.3,0.782,-49.3,1.8,10.0,87,26.0,99,IIbF,0.0,0.03,0.96,0.0,0.01,IIbF,IIb,PN G119.6-06.7,7.06506,55.9652
132,Hu1-2,086.5-08.8,0.127," ",24,8.2,24,8.28,24,0.08,2.2,40,7.8,0.337,20.4,3.6,5.0,88,155.0,99,IB,0.0,1.0,0.0,0.0,0.0,IB,IIa,PN G086.5-08.8,323.28479,39.63599
133,Hu2-1,051.4+09.6,0.097," ","7,15,21,23",8.45,"7,15,16,21,23",7.62,"7,15,21,23",-0.82,2.5,33,6.4,0.417,29.0,34.2,1.8,74,110.0,99,IIbF,0.0,0.06,0.93,0.01,0.0,IIbF,IIb,PN G051.4+09.6,282.44819,20.84426
134,Hu4," ",0.126," ",21,8.68,21,8.44,21,-0.24,,,,,,,,--,,,(V/I)D,0.36,0.64,0.0,0.0,0.0,(V/I)D,IIa,PN Hb 4,265.46985,-24.70224
135,Hu5," ",0.145," ",21,8.82,21,9.05,21,0.23,,,,,,,,--,,,(V/I)D,0.99,0.01,0.0,0.0,0.0,(V/I)D,I,PN Hb 5,266.98411,-29.99497
136,Hu6," ",0.11," ",21,8.71,21,8.65,21,-0.06,,,,,,,,--,,,(V/IIa)D,0.11,0.81,0.0,0.0,0.08,(V/IIa)D,IIa,PN Hb 6,268.77926,-21.74444
137,IC351,159.0-15.1,0.102," ","7,21",8.53,"7,16,21",7.82,"7,21",-0.71,3.0,40,10.4,0.782,-15.0,3.6,7.0,61,27.0,99,IIbF,0.0,0.04,0.96,0.0,0.0,IIbF,IIb,PN G159.0-15.1,56.8881,35.04681
138,IC418,215.2-24.2,0.079," ","7,9,21,23",8.54,24,7.98,24,-0.56,1.6,43,8.8,0.656,46.9,44.5,12.4,87,1550.0,99,IIaF,0.0,0.62,0.32,0.06,0.0,IIaF,IIa,PN G215.2-24.2,81.86752,-12.6973
139,IC972,326.7+42.2,0.17," ",22,8.85,"21,22",8.23,"21,22",-0.61,2.5,33,6.1,1.679,-21.5,16.7,47.0,87,6.8,99,IIaB,0.0,0.0,0.5,0.5,0.0,IIaB,IIb/III,PN G326.7+42.2,211.10776,-17.22801
140,IC1297,358.3-21.6,0.118," ","13,17,21,23",8.84,"13,17,16,21,23",8.43,"13,17,21,23",-0.41,3.0,40,4.8,1.104,16.2,21.5,7.0,87,68.9,99,IIaB,0.0,0.13,0.87,0.0,0.0,IIaB,IIb,PN G358.3-21.6,289.34775,-39.61289
141,IC1454,117.5+18.9,0.063," ",21,8.77,21,8.33,21,-0.44,3.3,40,9.5,1.069,,,34.0,87,1.3,99,IIaE,0.0,0.21,0.06,0.73,0.0,IIaE,III,PN G117.5+18.9,340.60415,80.44221
142,IC1747,130.2+01.3,0.105," ","7,21",8.75,"7,16,21",8.3,"7,21",-0.45,0.9,40,8.2,0.02,-63.8,72.4,12.8,87,124.0,99,IIaC,0.0,0.88,0.02,0.1,0.0,IIaC,IIa,PN G130.2+01.3,29.39957,63.32204
143,IC2003,161.2-14.8,0.106," ","2,3",8.71,"2,3",7.81,"2,3",-0.91,2.4,40,9.8,0.613,-21.8,14.2,9.0,61,30.0,99,IIbF,0.0,0.02,0.98,0.0,0.0,IIbF,IIb,PN G161.2-14.8,59.0916,33.87516
144,IC2149,166.1+10.4,0.097," ","21,23",8.48,"7,16,21,23",8.09,"7,21,23",-0.39,3.4,38,10.9,0.614,-35.6,26.1,9.3,87,280.0,99,IIaF,0.0,0.87,0.13,0.0,0.0,IIaF,IIa,PN G166.1+10.4,89.09962,46.10481
145,IC2165,221.3-12.3,0.096," ","2,3,24",8.44,"2,3,24",7.75,"2,3,24",-0.69,1.9,40,9.1,0.405,38.9,32.5,4.0,88,188.0,99,IIbF,0.0,0.24,0.76,0.0,0.0,IIbF,IIb,PN G221.3-12.3,95.42823,-12.98721
146,IC2448,285.7-14.9,0.102," ","12,17,21,18",8.59,"12,17,16,21,18",8.02,"12,17,21,18",-0.57,1.4,44,7.4,0.36,-33.4,2.8,9.3,87,73.0,99,IIaF,0.0,0.44,0.56,0.0,0.0,IIaF,IIb,PN G285.7-14.9,136.77609,-69.94187
147,IC2501,281.0-05.6,0.108," ","7,21,18",8.8,"7,17,16,21,18",8.22,"7,17,21,18",-0.58,1.3,33,7.5,0.127,21.9,56.0,9.0,87,267.5,99,IIaF,0.02,0.82,0.13,0.03,0.0,IIaF,IIa,PN G281.0-05.6,144.69672,-60.09192
148,IC2553,285.4-05.3,0.105," ",21,8.8,21,8.28,21,-0.52,2.8,40,7.4,0.259,28.6,65.3,8.8,87,92.0,99,IIaC,0.0,0.88,0.06,0.06,0.0,IIaC,IIa,PN G285.4-05.3,152.3369,-62.61344
149,IC2621,291.6-04.8,0.11," ","12,17,21",8.79,"12,17,16,21",8.78,"17,21",-0.02,2.1,40,7.1,0.176,4.0,48.8,5.0,87,195.0,99,IIaF,0.01,0.99,0.0,0.0,0.0,IIaF,IIa,PN G291.6-04.8,165.0838,-65.24938
150,IC3568,123.6+34.5,0.102," ","7,9,21,18",8.59,"7,9,16,21,18",7.57,"7,9,21,18",-1.03,3.3,43,9.4,1.869,-34.3,23.1,12.0,87,95.0,99,IVC/IIbB,0.0,0.0,0.0,0.67,0.33,IVC/IIbB,III,PN G123.6+34.5,188.27863,82.5636
151,IC4191,304.5-04.8,0.123," ",24,8.89,24,8.17,24,-0.72,2.0,40,6.7,0.167,-22.8,31.9,14.0,87,172.0,99,IIbF,0.01,0.59,0.4,0.0,0.0,IIbF,IIa,PN G304.5-04.8,197.19726,-67.6438
152,IC4406,319.6+15.7,0.116," ",1,9.07,1,8.23,1,-0.84,1.7,40,6.4,0.46,-40.0,8.6,34.5,87,110.0,99,IIbF,0.0,0.08,0.92,0.0,0.0,IIbF,IIb,PN G319.6+15.7,215.60949,-44.15121
153,IC4593,025.3+40.8,0.108," ",1,8.04,1,7.11,1,-0.93,3.2,43,5.5,2.091,35.6,7.7,12.8,87,92.0,99,IVC/IIbB,0.0,0.0,0.0,0.09,0.91,IVC/IIbB,IV,PN G025.3+40.8,242.9356,12.07141
154,IC4634,000.3+12.2,0.091," ","8,21,23",8.59,"7,8,16,21,23",7.42,"7,8,21,23",-1.17,2.5,40,5.2,0.528,-26.2,27.0,5.5,61,100.0,99,IIbF,0.0,0.0,0.97,0.01,0.02,IIbF,IIb,PN G000.3+12.2,255.38988,-21.82577
155,IC4642,334.3-09.3,0.122," ",12,8.33,12,,12,,2.7,40,5.3,0.436,46.2,109.2,15.4,87,60.0,99,(IIa/IIb)C*/(III/IV)B*,0.0,0.0,0.0,1.0,0.0,(IIa/IIb)C*/(III/IV)B*,III,PN G334.3-09.3,257.9376,-55.40041
156,IC4673,003.5-02.4,0.145," ","12,21",8.64,"12,16,21",8.19,"12,21",-0.45,3.4,40,4.2,0.142,-5.9,21.6,17.0,87,62.0,99,VF,0.29,0.71,0.0,0.0,0.0,VF,IIa,PN G003.5-02.4,270.8267,-27.10628
157,IC4732,010.7-06.4,0.095," ","21,23",8.38,"16,21,23",7.59,"21,23",-0.79,3.4,40,4.3,0.379,-135.7,180.6,4.0,88,49.0,99,IIbC/(III/IV)B,0.0,0.0,0.0,0.0,1.0,IIbC/(III/IV)B,IV,PN G010.7-06.4,278.47764,-22.6447
158,IC4776,002.0-13.4,0.098," ","17,21",8.79,"7,17,16,21",7.99,"7,17,21",-0.8,3.3,40,4.4,0.765,24.0,16.0,8.0,88,71.0,99,IIbF,0.0,0.02,0.97,0.01,0.0,IIbF,IIb,PN G002.0-13.4,281.46083,-33.34222
159,IC4846,027.6-09.6,0.096," ","21,23",8.58,"16,21,23",7.67,"21,23",-0.9,3.3,33,5.0,0.55,162.9,81.5,2.9,61,43.0,99,IIbC/IIIB,0.0,0.0,0.01,0.98,0.01,IIbC/IIIB,III,PN G027.6-09.6,289.11758,-9.04349
160,IC4997,058.3-10.9,0.117," ","21,18",8.04,"16,21",,16,,2.6,33,6.6,0.492,-53.5,111.2,2.0,88,127.0,99,(IIa/IIb)C*/(III/IV)B*,0.0,0.0,0.0,1.0,0.0,(IIa/IIb)C*/(III/IV)B*,III,PN G058.3-10.9,305.03642,16.73159
161,IC5117,089.8-05.1,0.102," ","7,21,23",8.56,"7,16,21,23",7.94,"7,21,23",-0.62,1.3,33,7.7,0.116,-15.6,42.1,1.5,62,210.0,99,IIbF,0.01,0.6,0.39,0.0,0.0,IIbF,IIa,PN G089.8-05.1,323.12928,44.59681
162,IC5148-50,002.7-52.4,0.139," ",12,8.03,12,7.74,12,-0.29,1.1,33,6.9,0.872,-25.2,26.8,120.0,87,28.1,99,IB,0.0,0.94,0.06,0.0,0.0,IB,IIa,PN G002.7-52.4,329.89667,-39.38556
163,IC5217,100.6-05.4,0.099," ","7,11,14,21,23",8.62,"7,11,14,16,21,23",8.11,"7,11,14,21,23",-0.51,2.8,40,8.6,0.264,-90.0,91.9,6.0,88,163.0,99,IIaC,0.0,0.06,0.0,0.93,0.01,IIaC,III,PN G100.6-05.4,335.98219,50.96679
164,IRAS15154-5258,324.0+03.5,0.4," ",21,9.05,21,,21,,,,,,,,,--,,,(V/I/IIa)D*,1.0,0.0,0.0,0.0,0.0,(V/I/IIa)D*,I,PN G324.0+03.5,229.78635,-53.1639
165,IRAS16455-3455,348.0+06.3,0.112," ",21,8.63,21,,21,,,,,,,,,--,,,(V/IIa/IIb/III/IV)D*,0.03,0.43,0.34,0.16,0.04,(V/IIa/IIb/III/IV)D*,IIa,PN G348.0+06.3,252.20228,-35.01594
166,J320,190.3-17.7,0.122," ","2,3",8.38,"2,3",7.01,"2,3",-1.36,4.1,40,11.5,1.247,-35.5,43.5,7.1,61,23.0,99,IIIC/IIbB,0.0,0.0,0.0,1.0,0.0,IIIC/IIbB,III,PN G190.3-17.7,76.39297,10.70631
167,J900,194.2+02.5,0.1," ","2,3",8.66,"2,3",7.74,"2,3",-0.93,2.1,40,9.6,0.092,36.0,30.8,6.0,61,100.0,99,IIbF,0.0,0.01,0.99,0.0,0.0,IIbF,IIb,PN G194.2+02.5,96.48865,17.79089
168,Jn1,104.2-29.6,," ",21,,21,,21,-0.17,0.8,47,7.8,0.395,-62.6,82.4,332.0,87,9.8,99,indef.,0.0,1.0,0.0,0.0,0.0,indef.,IIa,PN G104.2-29.6,353.97218,30.46843
169,K1-7,197.2-14.2,0.124," ","2,3",8.57,"2,3",7.88,"2,3",-0.69,3.0,40,10.4,0.736,44.6,34.9,34.0,87,2.0,99,IIbF,0.0,0.28,0.7,0.02,0.0,IIbF,IIb,PN G197.2-14.2,82.93957,6.93377
170,K2-1,173.7-05.8,0.122," ",3,9.19,3,8.26,3,-0.93,1.1,34,8.7,0.111,10.9,11.0,132.0,67,20.8,91,IIbF,0.0,0.08,0.92,0.0,0.0,IIbF,IIb,PN G173.7-05.8,76.7879,30.82448
171,K3-60,098.2+04.9,0.129," ",21,8.63,21,8.28,21,-0.35,3.9,33,9.0,0.333,,,1.9,61,43.0,99,IIaD,0.0,0.99,0.01,0.0,0.0,IIaD,IIa,PN G098.2+04.9,321.86032,57.65179
172,K3-61,096.3+02.3,0.115," ",21,8.69,"16,21",9.07,21,0.38,1.1,40,7.8,0.044,,,6.0,87,14.0,99,IIaD,0.85,0.15,0.0,0.0,0.0,IIaD,I,PN G096.3+02.3,322.50296,54.45762
173,K3-66,167.4-09.1,0.091," ","2,3",8.06,"2,3",7.83,"2,3",-0.23,6.7,33,14.1,1.06,-74.8,60.5,2.1,61,18.0,99,IIaE,0.0,0.49,0.03,0.01,0.47,IIaE,IIa,PN G167.4-09.1,69.15518,33.6583
174,K3-67,165.5-06.5,0.1," ","12,21,23",8.21,"12,16,21,23",7.92,"12,21,23",-0.28,3.4,33,10.9,0.385,-83.6,73.6,2.2,61,42.0,99,IIaC,0.0,0.99,0.01,0.0,0.0,IIaC,IIa,PN G165.5-06.5,69.9496,36.7619
175,K3-68,178.3-02.5,0.098," ",21,8.11,21,7.56,21,-0.55,6.0,33,13.6,0.262,56.1,58.0,12.0,88,5.0,91,IIaF,0.0,0.83,0.13,0.04,0.0,IIaF,IIa,PN G178.3-02.5,82.8994,28.97821
176,K3-70,184.6+00.6,0.161," ",3,8.32,3,8.36,3,0.04,12.1,33,19.7,0.127,17.1,11.3,1.8,73,6.0,91,IF,1.0,0.0,0.0,0.0,0.0,IF,I,PN G184.6+00.6,89.68896,25.31218
177,K5-1," ",0.108," ",5,7.88,5,7.45,5,-0.43,,,,,,,,--,,,(V/IIa)D,0.03,0.81,0.08,0.0,0.08,(V/IIa)D,IIa,PN K5-1,262.46833,-26.18722
178,K5-3,002.6+05.5,0.123," ",5,8.35,5,7.48,5,-0.87,,,,,154.9,,,--,,,(V/IIb/III/IV)D,0.0,0.08,0.57,0.35,0.0,(V/IIb/III/IV)D,IIb,PN G002.6+05.5,262.67166,-23.75011
179,K5-4,351.9-01.9,0.109," ",5,8.65,5,7.93,5,-0.72,,,,,-145.1,,,--,,,(V/IIb/III/IV)D,0.0,0.15,0.65,0.14,0.06,(V/IIb/III/IV)D,IIb,PN G351.9-01.9,263.25277,-36.73126
180,K5-5,001.5+03.6,0.03,:,5,7.72,5,7.16,5,-0.56,,,,,,,,--,,,(V/IIa)D,0.0,0.5,0.09,0.41,0.0,(V/IIa)D,IIa,PN G001.5+03.6,263.84197,-25.71291
181,K5-6,003.6+04.9,0.114," ",5,8.55,5,7.81,5,-0.74,,,,,-75.4,,,--,,,(V/IIb/III/IV)D,0.0,0.17,0.65,0.16,0.02,(V/IIb/III/IV)D,IIb,PN G003.6+04.9,263.87999,-23.19656
182,K5-7,003.1+04.1,0.16," ",5,8.33,5,7.72,5,-0.61,,,,,,,,--,,,(IIa/V)D,0.12,0.88,0.0,0.0,0.0,(IIa/V)D,IIa,PN G003.1+04.1,264.33403,-24.05773
183,K5-9," ",0.157," ",5,8.48,5,7.75,5,-0.73,,,,,,,,--,,,(V/IIa)D,0.02,0.94,0.01,0.03,0.0,(V/IIa)D,IIa,PN K5-9,265.12708,-33.5
184,K5-11,002.3+02.2,0.191," ",5,8.87,5,8.26,5,-0.61,,,,,,,,--,,,(V/IIa)D,0.17,0.83,0.0,0.0,0.0,(V/IIa)D,IIa,PN G002.3+02.2,265.62525,-25.75747
185,K5-12," ",0.106," ",5,8.91,5,8.28,5,-0.63,,,,,,,,--,,,(V/IIb/III/IV)D,0.0,0.31,0.51,0.08,0.1,(V/IIb/III/IV)D,IIb,PN K5-12,265.69167,-36.22472
186,K5-13,002.6+02.1,0.14," ",5,8.8,5,8.5,5,-0.3,,,,,246.8,,,--,,,(I/V)D,0.59,0.41,0.0,0.0,0.0,(I/V)D,I,PN G002.6+02.1,265.91434,-25.61181
187,K5-14,003.9+02.6,0.116," ",5,8.5,5,7.95,5,-0.55,,,,,,,,--,,,(V/IIa)D,0.02,0.71,0.23,0.02,0.02,(V/IIa)D,IIa,PN G003.9+02.6,266.13792,-24.22472
188,K5-16,002.8+01.8,0.141," ",5,8.97,5,8.47,5,-0.5,,,,,-22.9,,10.0,63,,,(IIa/V)D,0.19,0.8,0.01,0.0,0.0,(IIa/V)D,IIa,PN G002.8+01.8,266.36796,-25.63622
189,K5-17," ",0.076," ",5,8.2,5,7.61,5,-0.59,,,,,,,,--,,,(V/IIa)D,0.0,0.39,0.35,0.25,0.01,(V/IIa)D,IIa,PN K5-17,266.88304,-24.21862
190,K5-19,005.1+02.0,0.153," ",5,8.11,5,7.76,5,-0.35,,,,,-69.5,,,--,,,(IIa/V)D,0.72,0.28,0.0,0.0,0.0,(IIa/V)D,I,PN G005.1+02.0,267.46367,-23.4623
191,K5-20,356.8-03.0,0.128," ",5,8.39,5,6.75,5,-1.64,,,,,,,,--,,,(IIa/V)D,0.0,0.0,0.09,0.9,0.01,(IIa/V)D,III,PN G356.8-03.0,267.54472,-33.23832
192,K6-3,353.8-01.2,0.128," ",6,8.33,6,7.98,6,-0.35,,35,,,,,,--,,,(IIa/V)D,0.24,0.75,0.01,0.0,0.0,(IIa/V)D,IIa,PN G353.8-01.2,263.86405,-34.79506
193,K6-5,354.6-01.7,0.159," ",6,8.57,6,9.12,6,0.55,,35,,,,,,--,,,(I/V)D,1.0,0.0,0.0,0.0,0.0,(I/V)D,I,PN G354.6-01.7,264.72632,-34.46092
194,K648,065.0-27.3,0.096," ","10,15",7.73,"10,15",6.6,"10,15",-1.13,13.5,41,11.2,6.192,-131.1,96.1,3.0,88,14.4,99,IVF,0.0,0.0,0.0,0.0,1.0,IVF,IV,PN G065.0-27.3,322.49742,12.17431
195,KFL 2,002.2-02.5,0.113," ",6,8.24,6,,6,,11.1,35,3.5,0.484,-71.2,85.2,5.4,72,2.2,96,VF,0.0,0.02,0.0,0.98,0.0,VF,III,PN G002.2-02.5,270.24963,-28.27204
196,KFL 4,003.0-02.6,0.099," ",6,8.34,6,,6,,17.7,35,10.1,0.803,26.3,27.8,3.0,72,1.1,100,VF,0.0,0.1,0.82,0.07,0.01,VF,IIb,PN G003.0-02.6,270.71497,-27.68341
197,KFL 19,003.3-07.5,0.08," ",6,8.65,6,7.38,6,-1.27,11.4,35,3.7,1.488,55.8,37.2,7.8,72,0.8,101,IIIC/IIbB,0.0,0.0,0.0,0.98,0.02,IIIC/IIbB,III,PN G003.3-07.5,275.78704,-29.72366
198,Lo4,274.3+09.1,0.134," ",12,8.89,12,8.6,12,-0.29,,,,,23.8,,48.0,68,,,ID,0.47,0.53,0.0,0.0,0.0,ID,IIa,PN G274.3+09.1,151.44075,-44.35924
199,M1-1,130.3-11.7,0.116," ","7,21",8.29,"7,16,21",7.75,"7,21",-0.54,7.9,33,13.9,1.602,-36.7,12.0,5.0,87,8.0,99,IIaB,0.0,0.0,0.08,0.02,0.9,IIaB,IV,PN G130.3-11.7,24.33096,50.46986
200,M1-4,147.4-02.3,0.094," ",21,8.46,"16,21",7.88,21,-0.58,2.3,31,9.6,0.092,-34.9,23.8,6.0,61,90.0,99,IIaF,0.0,0.55,0.45,0.0,0.0,IIaF,IIa,PN G147.4-02.3,55.43095,52.28341
201,M1-5,184.0-02.1,0.105," ","17,21",8.43,"17,16,21",7.72,"17,21",-0.71,2.9,33,10.5,0.106,27.0,24.6,2.3,61,71.0,99,IIbF,0.0,0.24,0.76,0.0,0.0,IIbF,IIb,PN G184.0-02.1,86.70833,24.36731
202,M1-6,211.2-03.5,0.081," ",3,8.34,3,7.45,3,-0.89,2.7,33,10.0,0.165,51.9,37.7,2.9,87,86.0,99,IIbF,0.0,0.02,0.97,0.01,0.0,IIbF,IIb,PN G211.2-03.5,98.93802,-0.09371
203,M1-7,189.8+07.7,0.137," ",3,8.8,3,8.23,3,-0.57,5.7,40,13.2,0.764,-7.7,18.0,11.0,87,13.0,99,IIaF,0.0,0.68,0.32,0.0,0.0,IIaF,IIa,PN G189.8+07.7,99.33731,24.00983
204,M1-8,210.3+01.9,0.162," ","2,3",8.7,"2,3",8.44,"2,3",-0.26,3.5,40,10.8,0.116,38.9,19.4,18.4,87,23.0,99,IF,0.93,0.07,0.0,0.0,0.0,IF,I,PN G210.3+01.9,103.39081,3.14082
205,M1-9,212.0+04.3,0.079," ","2,3",8.3,"2,3",7.41,"2,3",-0.9,4.9,33,12.0,0.367,105.0,77.3,2.5,88,27.0,99,IIbC/IIIB,0.0,0.0,0.03,0.97,0.0,IIbC/IIIB,III,PN G212.0+04.3,106.33002,2.7831
206,M1-11,232.8-04.7,0.094,:,2,7.88,2,8.65,2,0.77,2.1,33,9.0,0.172,1.7,5.3,2.2,61,113.0,99,IIaF,0.0,1.0,0.0,0.0,0.0,IIaF,IIa,PN G232.8-04.7,107.81955,-19.8508
207,M1-12,235.3-03.9,0.026,:,13,8.44,13,7.7,13,-0.74,3.8,33,10.2,0.258,81.3,55.7,1.8,61,41.0,99,IIbF,0.0,0.24,0.28,0.48,0.0,IIbF,III,PN G235.3-03.9,109.83946,-21.73207
208,M1-13,232.4-01.8,0.145," ","2,3",9.11,"2,3",8.53,"2,3",-0.58,4.5,40,10.9,0.141,31.1,1.2,10.0,88,15.0,99,IIaF,0.01,0.97,0.02,0.0,0.0,IIaF,IIa,PN G232.4-01.8,110.3123,-18.14359
209,M1-14,234.9-01.4,0.095," ","1,2,3",8.32,"1,2,3",7.38,"1,2,3",-0.94,4.0,33,10.4,0.098,63.1,35.4,4.7,61,60.0,99,IIbF,0.0,0.02,0.98,0.0,0.0,IIbF,IIb,PN G234.9-01.4,111.98546,-20.22302
210,M1-16,226.7+05.6,0.141," ","2,3",8.77,"2,3",8.57,"2,3",-0.19,5.5,40,12.0,0.537,52.1,14.1,4.0,64,31.0,99,IB,0.0,1.0,0.0,0.0,0.0,IB,IIa,PN G226.7+05.6,114.32898,-9.64713
211,M1-17,228.8+05.3,0.11," ","2,3",8.82,"2,3",8.18,"2,3",-0.64,5.8,40,12.2,0.536,35.7,4.7,2.5,61,17.0,99,IIbF,0.0,0.24,0.76,0.0,0.0,IIbF,IIb,PN G228.8+05.3,115.09252,-11.54161
212,M1-18,231.4+04.3,0.153," ",3,8.62,3,8.34,3,-0.28,4.4,34,10.9,0.33,4.3,27.0,30.0,67,1.4,99,IB,0.0,1.0,0.0,0.0,0.0,IB,IIa,PN G231.4+04.3,115.51736,-14.35369
213,M1-19,351.1+04.8,0.107," ",4,8.73,4,8.19,4,-0.54,5.5,33,2.3,0.46,-47.5,59.7,4.0,88,20.0,99,VF,0.0,0.82,0.13,0.05,0.0,VF,IIa,PN G351.1+04.8,255.94504,-33.49549
214,M1-20,006.1+08.3,0.118," ",1,8.3,1,7.39,1,-0.91,3.4,33,4.3,0.491,70.8,44.5,1.9,61,51.0,99,VF,0.0,0.08,0.78,0.14,0.0,VF,IIb,PN G006.1+08.3,262.23992,-19.26478
215,M1-22,007.5+07.4,0.178," ",13,8.34,13,8.24,13,-0.1,4.4,40,3.3,0.567,9.6,42.5,6.0,87,7.8,96,VF,0.0,1.0,0.0,0.0,0.0,VF,IIa,PN G007.5+07.4,263.79266,-18.57234
216,M1-25,004.9+04.9,0.132," ","13,17,21",8.9,"13,17,16,21",8.29,"13,17,21",-0.62,3.6,40,4.0,0.308,24.5,0.6,3.2,61,57.0,99,VF,0.0,0.82,0.18,0.0,0.0,VF,IIa,PN G004.9+04.9,264.62628,-22.14413
217,M1-26,358.9-00.7,0.04,:,23,8.19,"16,21,23",7.52,"21,23",-0.67,1.6,43,6.0,0.02,1.5,3.5,3.2,61,400.0,99,VA,0.0,0.24,0.76,0.0,0.0,VA,IIb,PN G358.9-00.7,266.49022,-30.20016
218,M1-27,356.5-02.3,0.008,:,4,8.86,4,8.22,4,-0.64,4.1,33,3.5,0.165,-39.6,17.4,8.0,87,63.0,99,VF,0.0,0.53,0.47,0.0,0.0,VF,IIa,PN G356.5-02.3,266.68937,-33.14307
219,M1-29,359.1-01.7,0.14," ",21,8.72,21,8.22,21,-0.5,3.1,33,4.5,0.092,-32.4,28.9,7.0,87,97.0,99,VF,0.12,0.87,0.01,0.0,0.0,VF,IIa,PN G359.1-01.7,267.57501,-30.58192
220,M1-30,355.9-04.2,0.113," ","13,21",9.14,"13,21",8.62,"13,21",-0.52,5.9,54,1.8,0.432,-112.4,40.2,3.5,88,31.0,99,VF,0.0,0.85,0.15,0.0,0.0,VF,IIa,PN G355.9-04.2,268.24561,-34.63972
221,M1-31,006.4+02.0,0.161," ",6,8.98,6,9.02,6,0.04,4.5,35,3.2,0.157,79.2,30.7,7.0,88,60.5,96,VF,1.0,0.0,0.0,0.0,0.0,VF,I,PN G006.4+02.0,268.17267,-22.36579
222,M1-34,357.9-05.1,0.134," ","13,17",8.96,"13,17,16",8.65,"13,17",-0.31,3.5,40,4.1,0.311,18.5,28.3,11.2,87,14.7,99,VF,0.0,1.0,0.0,0.0,0.0,VF,IIa,PN G357.9-05.1,270.34247,-33.2953
223,M1-35,003.9-02.3,0.156," ","21,23",8.43,"16,21,23",8.52,"21,23",0.09,4.0,33,3.6,0.161,77.4,53.9,4.4,87,60.5,96,VF,0.97,0.03,0.0,0.0,0.0,VF,I,PN G003.9-02.3,270.91356,-26.72596
224,M1-37,002.6-03.4,0.01,:,4,8.83,4,8.56,4,-0.27,8.4,54,0.9,0.498,229.6,119.7,2.5,88,15.0,99,VF,0.0,0.02,0.0,0.98,0.0,VF,III,PN G002.6-03.4,271.3575,-28.36783
225,M1-38,002.4-03.7,0.01,:,21,8.75,"17,16,21",8.07,"17,21",-0.67,6.6,54,1.1,0.426,-73.8,154.3,3.5,88,24.0,99,VF,0.0,0.0,0.0,0.98,0.02,VF,III,PN G002.4-03.7,271.52402,-28.6748
226,M1-40,008.3-01.1,0.11," ",13,9.08,"13,16",8.85,13,-0.23,1.9,40,5.7,0.036,-24.0,41.1,4.3,87,208.0,99,VA,0.04,0.96,0.0,0.0,0.0,VA,IIa,PN G008.3-01.1,272.10831,-22.28146
227,M1-42,002.7-04.8,0.156," ","4,24",8.85,"4,24",8.7,"4,24",-0.14,4.3,40,3.3,0.36,-77.5,96.4,9.0,87,28.5,96,VF,0.0,1.0,0.0,0.0,0.0,VF,IIa,PN G002.7-04.8,272.77095,-28.98315
228,M1-44,004.9-04.9,0.05,:,21,8.2,21,8.1,21,-0.1,10.2,33,2.7,0.871,-98.3,147.1,4.0,87,9.0,99,VF,0.0,0.0,0.0,0.07,0.93,VF,IV,PN G004.9-04.9,274.07235,-27.07569
229,M1-48,013.4-03.9,0.143," ",6,8.84,6,8.65,6,-0.19,9.5,35,2.7,0.646,139.6,11.5,4.8,67,6.0,99,IB,0.0,1.0,0.0,0.0,0.0,IB,IIa,PN G013.4-03.9,277.37496,-19.09572
230,M1-50,014.6-04.3,0.105," ","13,14,17,23",8.74,"13,14,17,16,23",7.86,"13,14,17,23",-0.88,3.9,40,4.0,0.292,22.5,50.8,5.6,87,50.0,99,IIbF,0.0,0.06,0.8,0.14,0.0,IIbF,IIb,PN G014.6-04.3,278.33702,-18.27691
231,M1-51,020.9-01.1,0.126," ",13,8.44,"13,16",8.21,13,-0.23,1.2,40,6.5,0.023,5.5,21.4,15.0,87,319.0,99,IF,0.15,0.85,0.0,0.0,0.0,IF,IIa,PN G020.9-01.1,278.3706,-11.124
232,M1-54,016.0-04.3,0.136," ","13,14,17,23",8.85,"13,14,17,16,23",8.75,"13,14,17,23",-0.1,3.2,40,4.6,0.24,-36.2,94.1,13.0,87,38.0,99,IC,0.0,1.0,0.0,0.0,0.0,IC,IIa,PN G016.0-04.3,279.03482,-16.99917
233,M1-56,016.1-04.7,0.1," ","13,23",8.71,"13,23",8.12,"13,23",-0.59,5.6,33,2.7,0.459,7.4,146.5,1.4,87,22.0,99,IIaC,0.0,0.0,0.0,0.17,0.83,IIaC,IV,PN G016.1-04.7,279.44271,-17.09626
234,M1-57,022.1-02.4,0.105," ","13,14,17,23",8.86,"13,14,17,16,23",8.6,"13,14,17,23",-0.26,3.1,40,4.9,0.13,92.1,22.3,8.0,87,66.6,96,IIaF,0.07,0.92,0.01,0.0,0.0,IIaF,IIa,PN G022.1-02.4,280.08437,-10.6631
235,M1-58,022.0-03.1,0.13," ",23,8.63,23,8.11,23,-0.52,3.4,40,4.6,0.184,69.3,9.0,6.4,87,60.0,99,IIaF,0.04,0.91,0.05,0.0,0.0,IIaF,IIa,PN G022.0-03.1,280.73741,-11.11475
236,M1-60,019.7-04.5,0.105," ",13,8.84,13,8.58,13,-0.26,3.7,33,4.3,0.29,104.8,22.4,2.5,61,48.0,99,IIaF,0.0,0.99,0.01,0.0,0.0,IIaF,IIa,PN G019.7-04.5,280.90878,-13.74684
237,M1-61,019.4-05.3,0.102," ","13,23",8.54,"13,23",7.97,"13,23",-0.56,2.4,33,5.4,0.222,41.4,5.3,1.8,62,97.0,99,IIaF,0.0,0.54,0.46,0.0,0.0,IIaF,IIa,PN G019.4-05.3,281.47947,-14.46054
238,M1-67,050.1+03.3,0.06," ",21,8.48,21,8.08,21,-0.4,1.0,40,7.0,0.058,,,120.4,87,250.0,99,IIaD,0.0,0.97,0.01,0.02,0.0,IIaD,IIa,PN G050.1+03.3,287.87865,16.8606
239,M1-72,054.4-02.5,0.06," ",13,7.93,13,7.16,13,-0.77,4.3,33,6.2,0.188,,,0.7,62,30.0,99,IIbD,0.0,0.09,0.42,0.49,0.0,IIbD,III,PN G054.4-02.5,295.39156,17.75492
240,M1-74,052.2-04.0,0.106," ","7,13,14,21,23",8.75,"7,13,14,16,21,23",8.26,"7,13,14,21,23",-0.48,4.1,33,6.0,0.286,46.2,32.6,1.0,87,29.0,99,IIaF,0.0,0.89,0.11,0.0,0.0,IIaF,IIa,PN G052.2-04.0,295.57864,15.15227
241,M1-75,068.8+00.0,0.164," ","21,23",8.68,"16,21,23",8.86,"21,23",0.17,3.9,33,7.2,0.0,-11.8,54.1,14.0,87,26.2,99,IF,1.0,0.0,0.0,0.0,0.0,IF,I,PN G068.8+00.0,301.18369,31.45678
242,M1-78,093.5+01.4,0.095," ",21,8.07,"16,21",7.74,21,-0.33,3.1,40,8.4,0.076,-77.5,84.1,6.4,87,1103.9,99,IIaC,0.0,0.86,0.0,0.12,0.02,IIaC,IIa,PN G093.5+01.4,320.1867,51.89108
243,M1-79,093.3-02.4,0.18," ",21,8.62,21,8.28,21,-0.34,2.0,52,8.0,0.084,-13.8,32.1,30.0,87,19.0,99,IIaF,0.95,0.05,0.0,0.0,0.0,IIaF,I,PN G093.3-02.4,324.25625,48.93406
244,M1-80,107.7-02.2,0.095," ","14,21,23",8.71,"14,16,21,23",8.38,"14,21,23",-0.32,5.5,33,10.6,0.211,-50.7,15.5,8.0,87,25.0,99,IIaF,0.01,0.97,0.02,0.0,0.0,IIaF,IIa,PN G107.7-02.2,344.08252,57.15574
245,M2-2,147.8+04.1,0.1," ",21,8.43,"16,21",7.95,21,-0.48,1.4,40,8.8,0.1,-8.3,6.1,7.0,87,54.0,99,IIaF,0.01,0.77,0.22,0.0,0.0,IIaF,IIa,PN G147.8+04.1,63.31269,56.94947
246,M2-4,349.8+04.4,0.128," ",1,8.3,1,7.65,1,-0.65,6.8,54,1.5,0.522,-199.9,19.8,2.0,88,32.0,99,IIaF,0.0,0.62,0.38,0.0,0.0,IIaF,IIa,PN G349.8+04.4,255.27596,-34.82738
247,M2-6,353.3+06.3,0.087," ","13,21,23",8.47,"13,16,21,23",7.59,"13,21,23",-0.88,,,,,-119.1,,1.6,88,17.0,92,(V/IIb/III/IV)D,0.0,0.01,0.51,0.4,0.08,(V/IIb/III/IV)D,IIb,PN G353.3+06.3,256.07636,-30.89131
248,M2-7,353.7+06.3,0.137," ",6,8.74,6,7.91,6,-0.83,7.3,35,0.9,0.801,-51.9,205.6,7.8,67,7.0,99,VF,0.0,0.0,0.0,0.01,0.99,VF,IV,PN G353.7+06.3,256.3072,-30.53846
249,M2-8,352.1+05.1,0.223," ",6,8.54,6,8.5,6,-0.04,7.2,35,1.1,0.64,33.0,283.6,4.2,67,18.0,99,VF,0.0,0.0,0.0,1.0,0.0,VF,III,PN G352.1+05.1,256.3778,-32.53564
250,M2-9,010.8+18.0,0.072," ","13,21",8.43,"13,16,21",7.64,"13,21",-0.79,3.3,40,4.6,1.02,99.7,61.0,46.0,87,36.0,99,IIIF,0.0,0.0,0.01,0.99,0.0,IIIF,III,PN G010.8+18.0,256.40813,-10.14294
251,M2-10,354.2+04.3,0.106," ","13,17,21",8.88,"13,17,16,21",8.45,"13,17,21",-0.42,3.9,40,3.8,0.292,-77.3,44.7,2.2,87,9.1,99,VF,0.0,0.97,0.03,0.0,0.0,VF,IIa,PN G354.2+04.3,258.52926,-31.3285
252,M2-11,356.9+04.5,0.119," ","13,23",8.73,"13,23",7.82,"13,23",-0.92,7.3,54,0.5,0.573,92.5,323.9,2.7,87,22.0,99,VF,0.0,0.0,0.0,0.0,1.0,VF,IV,PN G356.9+04.5,260.13855,-29.01074
253,M2-12,359.8+05.6,0.01,:,6,8.56,6,7.96,6,-0.6,8.2,35,0.6,0.8,72.9,86.5,5.0,78,12.9,95,VF,0.0,0.0,0.0,1.0,0.0,VF,III,PN G359.8+05.6,261.00605,-25.98977
254,M2-13,011.1+11.5,0.117," ",6,8.72,6,8.22,6,-0.5,7.6,33,1.5,1.515,71.0,174.6,1.5,61,13.0,99,IIaE,0.0,0.0,0.0,0.0,1.0,IIaE,IV,PN G011.1+11.5,262.14245,-13.43912
255,M2-15,011.0+06.2,0.128," ",6,8.61,6,8.3,6,-0.31,6.7,35,1.7,0.724,-4.4,215.6,5.8,67,12.5,99,IIaC,0.0,0.0,0.0,0.0,1.0,IIaC,IV,PN G011.0+06.2,266.72687,-16.29022
256,M2-16,357.4-03.2,0.123," ",4,8.91,4,8.81,4,-0.1,1.8,40,5.8,0.1,98.1,103.3,5.4,87,24.8,99,VF,0.0,0.99,0.0,0.01,0.0,VF,IIa,PN G357.4-03.2,268.14317,-32.76419
257,M2-18,357.4-03.5,0.1," ",4,8.54,4,7.48,4,-1.06,6.5,33,1.2,0.397,-13.0,65.4,1.5,87,17.0,99,VF,0.0,0.0,0.23,0.76,0.01,VF,III,PN G357.4-03.5,268.40768,-32.97998
258,M2-19,000.2-01.9,0.096," ",4,8.61,4,7.89,4,-0.72,8.2,33,0.6,0.272,-52.4,65.2,5.0,87,22.6,96,VF,0.0,0.15,0.25,0.59,0.01,VF,III,PN G000.2-01.9,268.44008,-29.72954
259,M2-20,000.4-01.9,0.081," ",6,8.78,6,8.07,6,-0.71,6.1,35,1.5,0.202,67.6,58.8,6.6,"77,72",7.4,96,VF,0.0,0.24,0.43,0.33,0.0,VF,IIb,PN G000.4-01.9,268.60592,-29.60228
260,M2-21,000.7-02.7,0.12," ",21,8.49,21,7.95,21,-0.54,6.1,33,1.5,0.287,-155.7,171.0,3.0,87,23.0,99,VF,0.0,0.0,0.0,0.72,0.28,VF,III,PN G000.7-02.7,269.53985,-29.73891
261,M2-22,357.4-04.6,0.14," ",21,8.53,21,8.49,21,-0.04,2.2,40,5.4,0.176,-95.3,88.9,5.0,87,6.5,99,VF,0.01,0.99,0.0,0.0,0.0,VF,IIa,PN G357.4-04.6,269.63597,-33.47683
262,M2-23,002.2-02.7,0.096," ","13,21,23",8.42,"13,16,21,23",8.05,"13,21,23",-0.38,3.9,33,3.7,0.184,195.8,183.1,0.7,88,41.0,99,VF,0.0,0.0,0.0,0.0,1.0,VF,IV,PN G002.2-02.7,270.42754,-28.42886
263,M2-24,356.9-05.8,0.13," ",21,7.83,21,7.66,21,-0.17,7.2,40,0.6,0.728,153.2,352.2,8.0,87,3.0,99,VF,0.0,0.0,0.0,0.0,1.0,VF,IV,PN G356.9-05.8,270.512,-34.46307
264,M2-26,003.6-02.3,0.161," ",6,8.49,6,8.77,6,0.28,8.2,35,0.8,0.329,-43.5,216.2,9.2,"77,67",5.0,99,VF,0.0,0.0,0.0,0.38,0.62,VF,IV,PN G003.6-02.3,270.79935,-26.97506
265,M2-27,359.9-04.5,0.132," ","21,18",8.89,21,8.63,21,-0.26,5.0,33,2.6,0.392,153.3,154.3,2.5,88,50.0,99,VF,0.0,0.0,0.0,1.0,0.0,VF,III,PN G359.9-04.5,270.96912,-31.29626
266,M2-29,004.0-03.0,0.105," ","10,13,21",7.58,"10,13,21",6.76,"10,13,21",-0.82,8.6,33,1.1,0.45,-102.8,225.8,3.5,87,8.0,99,VF,0.0,0.0,0.0,0.0,1.0,VF,IV,PN G004.0-03.0,271.67026,-26.91554
267,M2-30,003.7-04.6,0.114," ","13,21",8.73,"13,21",7.87,"13,21",-0.86,8.8,33,1.3,0.706,164.1,65.9,3.5,87,14.0,99,VF,0.0,0.01,0.08,0.91,0.0,VF,III,PN G003.7-04.6,273.14339,-27.96989
268,M2-33,002.0-06.2,0.093," ",21,8.62,21,7.6,21,-1.02,4.9,40,2.7,0.529,-117.3,136.4,4.0,88,12.0,99,VF,0.0,0.0,0.0,0.12,0.88,VF,IV,PN G002.0-06.2,273.77722,-30.25914
269,M2-36,003.2-06.2,0.137," ",24,9.11,24,8.74,24,-0.37,4.0,40,3.6,0.432,81.9,62.9,7.0,87,13.0,99,VF,0.0,1.0,0.0,0.0,0.0,VF,IIa,PN G003.2-06.2,274.42275,-29.13867
270,M2-38,005.7-05.3,0.152," ",6,8.58,6,8.57,6,-0.01,7.5,35,0.8,0.693,-67.8,345.0,9.3,"77,72,67",8.0,99,VF,0.0,0.0,0.0,0.0,1.0,VF,IV,PN G005.7-05.3,274.85484,-26.58887
271,M2-39,008.1-04.7,0.107," ",6,7.48,6,6.94,6,-0.54,10.1,35,2.8,0.828,82.6,6.0,3.2,67,8.0,99,VF,0.0,0.17,0.83,0.0,0.0,VF,IIb,PN G008.1-04.7,275.50478,-24.17783
272,M2-42,008.2-04.8,0.099," ","13,23",8.43,"13,23",8.16,"13,23",-0.27,2.3,40,5.3,0.192,131.1,110.4,4.0,87,14.0,99,VF,0.0,0.08,0.0,0.63,0.29,VF,III,PN G008.2-04.8,275.63342,-24.15789
273,M2-46,024.8-02.7,0.074," ",13,8.41,13,8.36,13,-0.05,12.0,33,6.0,0.565,79.2,36.6,5.0,87,12.0,96,IIaF,0.0,1.0,0.0,0.0,0.0,IIaF,IIa,PN G024.8-02.7,281.64425,-8.46718
274,M2-50,097.6-02.4,0.042,:,21,8.34,"16,21",7.49,21,-0.85,10.0,33,13.3,0.419,-126.5,65.1,4.5,87,6.5,99,IIbC/IIIB,0.0,0.02,0.05,0.93,0.0,IIbC/IIIB,III,PN G097.6-02.4,329.42422,51.69417
275,M2-52,103.7+00.4,0.165," ",20,8.42,20,8.78,20,0.36,1.5,40,8.1,0.01,-83.4,97.8,14.0,87,14.0,99,IC,1.0,0.0,0.0,0.0,0.0,IC,I,PN G103.7+00.4,335.1281,57.60601
276,M2-53,104.4-01.6,0.094," ",23,8.09,23,7.17,23,-0.92,0.9,40,7.9,0.025,-53.8,74.3,14.8,76,11.0,99,IIbC/IIIB,0.0,0.0,0.08,0.88,0.04,IIbC/IIIB,III,PN G104.4-01.6,338.07383,56.17392
277,M2-55,116.2+08.5,0.143," ","21,23,19",8.68,"21,23",8.27,"21,23",-0.41,1.9,40,8.6,0.281,-15.7,16.7,40.0,87,19.0,99,IIaF,0.02,0.98,0.0,0.0,0.0,IIaF,IIa,PN G116.2+08.5,352.96962,70.36947
278,M3-1,242.6-11.6,0.118," ","12,21,23",8.35,"12,16,21,23",7.79,"12,21,23",-0.56,4.3,40,10.2,0.865,42.0,14.9,11.0,87,24.0,99,IIaF,0.0,0.19,0.81,0.0,0.0,IIaF,IIb,PN G242.6-11.6,105.70825,-31.59208
279,M3-2,240.3-07.6,0.212," ",3,8.23,3,8.53,3,0.3,3.2,40,9.6,0.423,53.0,35.8,7.6,87,2.7,99,IB,0.0,1.0,0.0,0.0,0.0,IB,IIa,PN G240.3-07.6,108.70742,-27.83983
280,M3-3,221.7+05.3,0.129," ",3,8.54,3,8.62,3,0.08,2.5,40,9.6,0.231,81.6,68.1,12.2,87,5.6,99,IC,0.0,1.0,0.0,0.0,0.0,IC,IIa,PN G221.7+05.3,111.64262,-5.36449
281,M3-4,241.0+02.3,0.137," ","12,17",8.67,"12,17,16",8.25,"12,17",-0.42,4.6,40,10.6,0.185,60.3,28.3,13.8,87,2.4,99,IIaF,0.24,0.76,0.0,0.0,0.0,IIaF,IIa,PN G241.0+02.3,118.79749,-23.63679
282,M3-5,245.4+01.6,0.111," ","12,23",8.28,"12,16,23",8.06,"12,23",-0.22,4.9,40,10.6,0.137,50.4,17.1,7.0,87,10.0,99,IIaF,0.15,0.85,0.0,0.0,0.0,IIaF,IIa,PN G245.4+01.6,120.62055,-27.69873
283,M3-6,253.9+05.7,0.1," ","13,12,17",8.72,"13,12,17,16",7.39,"13,12,17",-1.34,2.6,40,8.7,0.258,33.4,32.5,11.0,87,75.0,99,IIbF,0.0,0.0,0.9,0.0,0.1,IIbF,IIb,PN G253.9+05.7,130.16762,-32.376
284,M3-7,357.1+03.6,0.107," ",21,8.41,21,8.08,21,-0.33,4.6,40,3.0,0.289,-184.8,161.0,6.2,87,28.0,99,VF,0.0,0.0,0.0,0.02,0.98,VF,IV,PN G357.1+03.6,261.14345,-29.40541
285,M3-8,358.2+04.2,0.132," ","1,4",8.34,"1,4",7.96,"1,4",-0.37,4.9,40,2.7,0.359,85.7,103.2,2.9,87,20.0,99,VF,0.0,0.33,0.0,0.67,0.0,VF,III,PN G358.2+04.2,261.2173,-28.0985
286,M3-9,359.9+05.1,0.059,:,6,8.68,6,7.69,6,-0.99,3.6,35,4.0,0.32,-74.4,73.9,17.0,67,35.0,99,VF,0.0,0.0,0.04,0.96,0.0,VF,III,PN G359.9+05.1,261.43068,-26.19874
287,M3-10,358.2+03.6,0.1," ",4,8.76,4,8.17,4,-0.59,6.1,40,1.5,0.383,-122.3,83.6,3.0,88,29.0,99,VF,0.0,0.07,0.01,0.91,0.01,VF,III,PN G358.2+03.6,261.83397,-28.46421
288,M3-14,355.4-02.4,0.135," ",4,8.9,4,8.61,4,-0.29,1.6,40,6.0,0.067,-74.5,66.4,2.8,87,30.0,99,VF,0.38,0.62,0.0,0.0,0.0,VF,IIa,PN G355.4-02.4,266.08582,-34.11127
289,M3-15,006.8+04.1,0.122," ","14,17,21",8.64,"14,17,16,21",8.3,"14,17,21",-0.34,4.1,54,3.6,0.293,107.8,66.0,5.0,88,65.0,99,VF,0.0,1.0,0.0,0.0,0.0,VF,IIa,PN G006.8+04.1,266.38225,-20.96717
290,M3-16,359.1-02.3,0.093," ",4,8.9,4,7.88,4,-1.02,1.4,40,6.2,0.056,72.0,73.4,6.6,87,17.0,99,VF,0.0,0.0,0.12,0.78,0.1,VF,III,PN G359.1-02.3,268.19187,-30.82623
291,M3-17,359.3-03.1,0.079," ",4,8.65,4,7.94,4,-0.71,9.1,33,1.5,0.492,-24.1,8.6,2.9,87,12.0,99,VF,0.0,0.11,0.89,0.0,0.0,VF,IIb,PN G359.3-03.1,269.10683,-31.07134
292,M3-19,000.4-02.9,0.101," ",6,8.0,6,7.27,6,-0.73,8.3,35,0.7,0.42,150.5,128.8,5.7,"77,67",7.4,99,VF,0.0,0.0,0.0,0.9,0.1,VF,III,PN G000.4-02.9,269.58057,-30.01092
293,M3-20,002.1-02.2,0.098," ",21,8.7,21,7.72,21,-0.98,4.7,33,2.9,0.18,33.5,15.2,4.0,87,40.0,99,VF,0.0,0.01,0.99,0.0,0.0,VF,IIb,PN G002.1-02.2,269.83049,-28.23001
294,M3-21,355.1-06.9,0.102," ","13,23",8.86,"13,23",8.29,"13,23",-0.56,4.9,40,2.8,0.589,-59.7,14.1,5.0,87,30.0,99,VF,0.0,0.38,0.62,0.0,0.0,VF,IIb,PN G355.1-06.9,270.63468,-36.6534
295,M3-26,004.8-05.0,0.137," ",6,8.4,6,8.43,6,0.03,7.4,35,0.7,0.645,-0.5,270.8,8.6,"77,72,67",8.0,99,VF,0.0,0.0,0.0,0.0,1.0,VF,IV,PN G004.8-05.0,274.04752,-27.24929
296,M3-29,004.0-11.1,0.089," ",13,8.58,"13,16",8.19,13,-0.39,3.0,40,4.7,0.578,57.7,43.6,8.2,87,18.7,99,IIaF,0.0,0.95,0.05,0.0,0.0,IIaF,IIa,PN G004.0-11.1,279.85738,-30.67686
297,M3-32,009.4-09.8,0.132," ",6,8.56,6,8.27,6,-0.29,6.9,35,1.4,1.174,67.9,148.7,6.0,67,12.0,99,VF,0.0,0.0,0.0,0.0,1.0,VF,IV,PN G009.4-09.8,281.1797,-25.3594
298,M3-33,009.6-10.6,0.072," ",6,8.62,6,7.72,6,-0.9,5.6,40,2.4,1.03,188.7,75.8,6.0,87,7.5,99,IIIF,0.0,0.0,0.0,1.0,0.0,IIIF,III,PN G009.6-10.6,282.05055,-25.48122
299,M3-35,071.6-02.3,0.111," ","21,18",8.4,21,,21,,1.8,33,7.2,0.072,-179.2,220.1,1.5,61,140.0,99,(IIa/IIb)C*/(III/IV)B*,0.0,0.0,0.0,0.0,1.0,(IIa/IIb)C*/(III/IV)B*,IV,PN G071.6-02.3,305.2657,32.48996
300,M3-36,358.6+07.8,0.1," ",21,8.67,21,,21,,5.9,40,1.8,0.801,10.9,35.8,3.2,87,3.5,99,VF,0.0,0.11,0.71,0.17,0.01,VF,IIb,PN G358.6+07.8,258.16313,-25.72705
301,M3-37,359.8+06.9,0.092," ",6,8.86,6,8.34,6,-0.52,10.0,35,2.3,1.201,-64.6,62.2,10.0,78,5.0,99,VF,0.0,0.01,0.05,0.58,0.36,VF,III,PN G359.8+06.9,259.80577,-25.28821
302,M3-38,356.9+04.4,0.086," ","13,21",8.43,"13,21",8.32,13,-0.11,5.9,33,1.8,0.453,-162.3,106.6,1.8,87,21.0,99,VF,0.0,0.53,0.0,0.02,0.45,VF,IIa,PN G356.9+04.4,260.26858,-29.04978
303,M3-42,357.5+03.2,0.12," ",21,9.0,21,9.29,21,0.29,4.0,40,3.6,0.223,-258.4,243.3,6.0,87,6.0,99,VF,0.0,0.0,0.0,0.0,1.0,VF,IV,PN G357.5+03.2,261.74914,-29.25885
304,M3-43,000.1-01.1,0.14," ",21,9.0,21,,21,,5.8,33,1.8,0.111,1.6,0.1,3.8,87,27.2,99,VF,0.63,0.36,0.01,0.0,0.0,VF,I,PN G000.1-01.1,267.60124,-29.42186
305,M3-45,359.7-01.8,0.085," ",4,8.45,4,7.71,4,-0.74,1.0,40,6.6,0.031,37.0,37.4,6.6,83,24.3,98,VF,0.0,0.12,0.88,0.0,0.0,VF,IIb,PN G359.7-01.8,268.0247,-30.08717
306,M3-46,359.1-02.9,0.15," ",21,9.04,21,8.81,21,-0.23,2.6,40,5.0,0.132,-62.5,59.8,4.4,76,,,VD,0.87,0.13,0.0,0.0,0.0,VD,I,PN G359.1-02.9,268.77415,-31.20445
307,M3-48,359.0-04.1,0.14," ",21,8.26,21,,21,,4.4,40,3.2,0.315,-3.6,3.8,4.8,76,,,VD,0.0,0.94,0.06,0.0,0.0,VD,IIa,PN G359.0-04.1,269.98676,-31.90763
308,M3-50,357.1-06.1,0.13," ",21,8.95,21,,21,,8.3,40,0.8,0.882,25.2,165.1,4.0,76,,,VD,0.0,0.0,0.0,0.88,0.12,VD,III,PN G357.1-06.1,271.0216,-34.47705
309,M3-52,018.9+04.1,0.129," ",6,8.79,6,8.58,6,-0.21,10.7,35,4.3,0.765,-1.5,82.5,11.6,67,3.0,99,IE,0.0,1.0,0.0,0.0,0.0,IE,IIa,PN G018.9+04.1,272.61003,-10.48466
310,M3-54,018.6-02.2,0.122," ",6,8.67,6,7.33,6,-1.34,8.9,35,3.0,0.342,168.0,12.1,5.5,61,8.0,99,IIbF,0.0,0.0,1.0,0.0,0.0,IIbF,IIb,PN G018.6-02.2,278.2656,-13.73887
311,M4-3,357.2+07.4,0.095," ",21,8.68,"16,21",8.28,21,-0.4,8.1,54,0.6,1.043,141.7,325.9,1.4,88,28.0,99,VF,0.0,0.0,0.0,0.0,1.0,VF,IV,PN G357.2+07.4,257.67396,-27.14549
312,M4-4,357.0+02.4,0.154," ",6,8.92,6,8.74,6,-0.18,8.3,35,0.8,0.348,21.4,158.4,6.6,67,9.8,95,VF,0.0,0.0,0.0,1.0,0.0,VF,III,PN G357.0+02.4,262.20977,-30.12902
313,M4-6,358.6+01.8,0.111," ",6,8.71,6,8.47,6,-0.24,6.3,54,1.3,0.198,-264.0,227.7,2.0,88,42.0,99,VF,0.0,0.0,0.0,0.0,1.0,VF,IV,PN G358.6+01.8,263.80824,-29.05283
314,M4-7,358.5-02.5,0.102," ",6,8.33,6,7.94,6,-0.39,5.1,35,2.5,0.222,-240.6,224.2,7.0,63,33.0,99,VF,0.0,0.0,0.0,0.0,1.0,VF,IV,PN G358.5-02.5,267.9361,-31.60005
315,M4-8,018.9+03.6,0.015,:,6,8.03,6,7.24,6,-0.79,9.3,35,3.2,0.584,40.7,95.8,1.3,61,19.0,99,IIbC/IIIB,0.0,0.0,0.0,1.0,0.0,IIbC/IIIB,III,PN G018.9+03.6,273.03995,-10.71619
316,M4-14,043.0-03.0,," ",21,8.34,21,7.85,21,-0.49,1.6,40,6.5,0.084,45.5,4.8,7.0,87,8.0,99,indef.,0.01,0.88,0.11,0.0,0.0,indef.,IIa,PN G043.0-03.0,290.25299,7.61455
317,MaC2-1,205.8-26.7,0.111," ",2,8.44,2,7.08,2,-1.36,,,,,59.9,,,--,,,(IIb/III/IV)D,0.0,0.0,0.28,0.48,0.24,(IIb/III/IV)D,III,PN G205.8-26.7,75.92438,-6.16749
318,Me1-1,052.5-02.9,0.118," ","21,23",8.71,"16,21,23",8.52,"21,23",-0.2,3.8,40,6.1,0.192,7.9,68.8,4.7,87,45.1,96,IIaC,0.0,1.0,0.0,0.0,0.0,IIaC,IIa,PN G052.5-02.9,294.79089,15.9467
319,Me2-1,342.1+27.5,0.1," ",24,8.72,24,7.71,24,-1.01,4.0,40,4.4,1.847,51.8,117.0,7.0,61,30.0,99,IVF,0.0,0.0,0.0,0.0,1.0,IVF,IV,PN G342.1+27.5,230.58031,-23.62537
320,Me2-2,100.0-08.7,0.157," ","21,23,18,19",8.34,"16,21,23,18,19",8.52,"21,23,18,19",0.18,5.0,33,9.8,0.756,-143.7,121.1,1.2,62,40.0,99,IE,0.0,1.0,0.0,0.0,0.0,IE,IIa,PN G100.0-08.7,337.93202,47.8011
321,MyCn18,307.5-04.9,0.095," ",12,8.39,12,8.41,12,0.02,0.8,51,7.1,0.068,-71.5,34.5,6.0,87,106.0,99,IIaF,0.01,0.99,0.0,0.0,0.0,IIaF,IIa,PN G307.5-04.9,204.89632,-67.38096
322,Mz1,322.4-02.6,0.13," ",22,8.78,22,8.39,22,-0.39,1.1,51,6.8,0.05,-32.2,6.0,25.2,87,61.0,99,IIaF,0.02,0.97,0.01,0.0,0.0,IIaF,IIa,PN G322.4-02.6,233.57084,-59.15251
323,Mz2,329.3-02.8,0.138," ","13,23,22",9.02,"13,16,23,22",8.25,"13,23,22",-0.77,2.3,40,5.7,0.112,-27.9,32.1,22.8,87,75.0,99,IIaF,0.01,0.85,0.14,0.0,0.0,IIaF,IIa,PN G329.3-02.8,243.63514,-54.95104
324,Mz3,331.7-01.0,0.141," ","13,21,19",8.36,24,8.48,24,0.12,4.5,31,4.2,0.079,-18.6,103.1,25.4,87,649.0,99,IC,0.03,0.97,0.0,0.0,0.0,IC,IIa,PN G331.7-01.0,244.3058,-51.9862
325,NGC 40,120.0+09.8,0.045,:,"21,23",8.72,24,8.11,24,-0.61,1.0,32,8.1,0.17,-14.4,25.8,36.4,87,460.0,99,IIbF,0.0,0.71,0.29,0.0,0.0,IIbF,IIa,PN G120.0+09.8,3.25423,72.52197
326,NGC 246,118.8-74.7,," ",16,7.8,16,,16,,0.5,48,7.7,0.482,-50.4,56.9,224.0,87,248.0,99,indef.,0.0,0.49,0.23,0.27,0.01,indef.,IIa,PN G118.8-74.7,11.76391,-11.87192
327,NGC 650,130.9-10.5,0.121," ","15,21,23,18,19",8.86,"15,16,21,23,19",8.52,"15,21,23,19",-0.34,0.7,47,8.1,0.128,-17.8,29.2,100.0,87,125.0,99,IIaF,0.2,0.79,0.01,0.0,0.0,IIaF,IIa,PN G130.9-10.5,25.58312,51.57532
328,NGC 1360,220.3-53.9,," ",16,,16,,16,,0.4,49,7.8,0.323,28.7,37.9,370.0,87,225.0,99,indef.,0.0,0.7,0.29,0.01,0.0,indef.,IIa,PN G220.3-53.9,53.31103,-25.87166
329,NGC 1514,165.5-15.2,0.081," ",3,8.81,3,,3,,0.6,47,8.2,0.157,52.5,49.4,160.0,87,288.0,99,(IIa/IIb)F*,0.0,0.72,0.26,0.02,0.0,(IIa/IIb)F*,IIa,PN G165.5-15.2,62.32077,30.77596
330,NGC 1535,206.4-40.5,0.092," ","7,15,21,18",8.55,"7,15,16,21,18",7.63,"7,15,21,18",-0.91,2.0,43,9.0,1.299,-16.9,19.6,18.4,87,160.0,99,IIIC/IIbB,0.0,0.0,0.07,0.85,0.08,IIIC/IIbB,III,PN G206.4-40.5,63.56567,-12.73945
331,NGC 2022,196.6-10.9,0.106," ",24,8.67,24,9.0,24,0.33,1.8,51,9.3,0.34,1.3,2.8,19.7,87,91.0,99,IIaF,0.0,1.0,0.0,0.0,0.0,IIaF,IIa,PN G196.6-10.9,85.52595,9.08632
332,NGC 2242,170.3+15.8,0.099," ","10,15",7.77,"10,15,16",7.28,10,-0.49,6.0,39,13.3,1.634,24.9,35.0,22.0,86,,,IIaB,0.0,0.0,0.0,0.01,0.99,IIaB,IV,PN G170.3+15.8,98.53067,44.77725
333,NGC 2346,215.6+03.6,0.136," ","21,23,18,19",8.6,"16,21,23,19",8.24,"21,23,19",-0.36,0.8,47,8.3,0.05,8.5,14.2,52.0,64,86.0,99,IIaF,0.09,0.91,0.0,0.0,0.0,IIaF,IIa,PN G215.6+03.6,107.34384,-0.80655
334,NGC 2371-72,189.1+19.8,0.114," ","7,12,15,21,18,19",8.75,"7,12,15,16,21,18,19",8.45,"7,12,15,21,18,19",-0.31,0.5,45,8.1,0.169,12.8,15.1,54.0,87,87.0,99,IIaF,0.1,0.89,0.01,0.0,0.0,IIaF,IIa,PN G189.1+19.8,111.39467,29.49045
335,NGC 2392,197.8+17.3,0.088," ","7,9,13,21,23",8.5,"7,9,13,16,21,23",8.14,"7,9,13,21,23",-0.36,1.6,53,9.1,0.476,65.4,62.6,46.0,80,228.5,93,IIaC,0.0,0.98,0.02,0.0,0.0,IIaC,IIa,PN G197.8+17.3,112.29486,20.9118
336,NGC 2438,231.8+04.1,0.113," ","12,15,21,23",8.64,"12,15,16,23",8.17,"12,15,23",-0.47,2.0,46,9.0,0.143,61.7,55.7,80.0,87,67.0,99,IIaF,0.03,0.94,0.03,0.0,0.0,IIaF,IIa,PN G231.8+04.1,115.46427,-14.73191
337,NGC 2440,234.8+02.4,0.119," ",24,8.58,24,8.64,24,0.06,1.1,40,8.3,0.046,48.8,56.4,18.4,87,370.0,99,IIaF,0.2,0.8,0.0,0.0,0.0,IIaF,IIa,PN G234.8+02.4,115.47879,-18.20825
338,NGC 2452,243.3-01.0,0.111," ","12,21,23,19",8.69,"12,16,21,23,19",8.55,"12,21,23,19",-0.14,2.7,40,9.1,0.047,48.0,38.0,19.6,87,57.0,99,IIaF,0.1,0.9,0.0,0.0,0.0,IIaF,IIa,PN G243.3-01.0,116.85937,-27.33532
339,NGC 2474-75,164.8+31.1,," ",21,,21,,21,0.08,0.6,33,8.1,0.31,-86.2,89.5,380.0,76,,,indef.,0.0,1.0,0.0,0.0,0.0,indef.,IIa,PN G164.8+31.1,119.46512,53.42138
340,NGC 2610,239.6+13.9,0.11," ",21,8.18,16,,16,-0.42,2.6,40,9.1,0.625,76.7,67.2,49.0,87,30.0,99,IIaC,0.0,0.94,0.04,0.02,0.0,IIaC,IIa,PN G239.6+13.9,128.34717,-16.14935
341,NGC 2792,265.7+04.1,0.11," ","7,12,17,21",8.79,"12,17,16,21",8.19,"12,17,21",-0.6,1.8,40,7.9,0.129,2.8,21.9,50.0,87,116.0,99,IIaF,0.01,0.62,0.37,0.0,0.0,IIaF,IIa,PN G265.7+04.1,138.11082,-42.42775
342,NGC 2818,261.9+08.5,0.148," ","21,23,18,19",8.62,"16,21,23,18,19",8.54,"21,23,18,19",-0.09,2.3,40,8.2,0.34,-12.0,1.6,50.0,87,33.0,99,IB,0.0,1.0,0.0,0.0,0.0,IB,IIa,PN G261.9+08.5,139.0069,-36.62743
343,NGC 2867,278.1-05.9,0.115," ","12,17,21,23",8.72,"12,17,16,21,23",8.23,"12,17,21,23",-0.49,1.7,51,7.5,0.175,2.7,34.0,15.2,87,252.0,99,IIaF,0.05,0.89,0.06,0.0,0.0,IIaF,IIa,PN G278.1-05.9,140.35557,-58.3113
344,NGC 2899,277.1-03.8,0.134," ","12,23",8.58,"12,16,23",8.67,"12,23",0.09,1.5,40,7.6,0.099,-6.8,24.3,90.0,87,86.0,99,IF,0.97,0.03,0.0,0.0,0.0,IF,I,PN G277.1-03.8,141.76301,-56.10589
345,NGC 3132,272.1+12.3,0.121," ",1,8.95,1,8.49,1,-0.46,0.5,47,7.6,0.107,-25.1,4.3,45.0,87,230.0,99,IIaF,0.02,0.91,0.07,0.0,0.0,IIaF,IIa,PN G272.1+12.3,151.75735,-40.43641
346,NGC 3195,296.6-20.0,0.132," ","12,17,23",8.76,"12,17,16,23",8.28,"12,17,23",-0.48,2.4,40,6.9,0.821,-14.8,33.1,39.4,87,35.0,99,IIaF,0.0,0.74,0.26,0.0,0.0,IIaF,IIa,PN G296.6-20.0,152.33712,-80.85854
347,NGC 3211,286.3-04.8,0.115," ","7,17,21,18",8.84,"7,17,16,21,18",8.11,"7,17,21",-0.73,2.5,40,7.3,0.209,-30.8,8.1,16.0,87,228.0,99,IIbF,0.0,0.26,0.74,0.0,0.0,IIbF,IIb,PN G286.3-04.8,154.46062,-62.67071
348,NGC 3242,261.0+32.0,0.101," ","7,17,17,21,23,22,18",8.66,"7,17,17,16,21,23,22,18",7.91,"7,17,17,21,23,22,18",-0.75,0.5,48,7.7,0.265,-2.8,20.2,40.0,80,315.5,93,IIbF,0.0,0.13,0.87,0.0,0.0,IIbF,IIb,PN G261.0+32.0,156.19211,-18.6424
349,NGC 3587,148.4+57.0,0.095," ","14,21",8.61,"14,16,21",8.01,"14,21",-0.6,0.6,47,7.9,0.503,10.0,4.0,170.0,87,101.0,99,IIbF,0.0,0.27,0.73,0.0,0.0,IIbF,IIb,PN G148.4+57.0,168.69889,55.01903
350,NGC 3699,292.6+01.2,0.13," ",1,9.01,1,8.58,1,-0.43,2.0,40,7.1,0.042,-22.4,23.2,44.8,87,67.0,99,IIaF,0.03,0.96,0.01,0.0,0.0,IIaF,IIa,PN G292.6+01.2,171.9906,-59.9577
351,NGC 3918,294.6+04.7,0.109," ","7,15,21,18",8.78,"7,15,16,21,18",8.27,"7,15,21,18",-0.51,0.9,40,7.3,0.074,-21.8,16.1,16.0,87,859.0,99,IIaF,0.01,0.81,0.18,0.0,0.0,IIaF,IIa,PN G294.6+04.7,177.57387,-57.18247
352,NGC 4361,294.1+43.6,0.111," ","10,21,22,18",8.27,"10,16,21",7.55,"10,21",-0.72,1.2,43,7.3,0.828,8.8,36.0,114.0,87,207.0,99,IIbF,0.0,0.07,0.87,0.06,0.0,IIbF,IIb,PN G294.1+43.6,186.12814,-18.78486
353,NGC 5189,307.2-03.4,0.127," ","12,22",8.73,"12,16,22",8.24,"12,22",-0.49,1.3,51,6.9,0.077,-13.2,32.1,140.0,87,455.0,99,IIaF,0.06,0.92,0.02,0.0,0.0,IIaF,IIa,PN G307.2-03.4,203.38739,-65.97407
354,NGC 5307,312.3+10.5,0.101," ","12,17,21,18",8.63,"12,17,16,21,18",7.97,"12,17,21,18",-0.65,2.3,40,6.3,0.419,38.9,100.7,12.6,87,95.0,99,IIbC/(III/IV)B,0.0,0.0,0.0,0.99,0.01,IIbC/(III/IV)B,III,PN G312.3+10.5,207.76364,-51.20573
355,NGC 5315,309.1-04.3,0.124," ",24,8.72,24,8.66,24,-0.06,1.2,33,6.9,0.09,-37.8,5.8,6.1,87,442.0,99,IIaF,0.73,0.27,0.0,0.0,0.0,IIaF,I,PN G309.1-04.3,208.48738,-66.51416
356,NGC 5873,331.3+16.8,0.102," ","12,21",8.56,"12,16,21",8.04,"12,21",-0.52,3.8,40,4.7,1.098,-126.3,35.3,3.0,88,48.0,99,IIaB,0.0,0.06,0.82,0.05,0.07,IIaB,IIb,PN G331.3+16.8,228.21272,-38.12601
357,NGC 5882,327.8+10.0,0.108," ",24,8.68,24,8.2,24,-0.48,1.6,40,6.3,0.278,12.5,56.6,14.0,87,334.0,99,IIaF,0.0,0.95,0.05,0.0,0.0,IIaF,IIa,PN G327.8+10.0,229.20807,-45.64957
358,NGC 5979,322.5-05.2,0.116," ",12,8.66,"12,16",8.28,12,-0.38,2.6,40,5.8,0.236,22.9,93.4,8.0,87,117.0,99,IIaC,0.0,0.53,0.0,0.47,0.0,IIaC,IIa,PN G322.5-05.2,236.92311,-61.21842
359,NGC 6058,064.6+48.2,0.114," ",21,8.54,21,8.04,21,-0.5,3.3,38,6.9,2.46,16.4,16.6,26.0,87,10.0,99,IIaB,0.0,0.0,0.0,0.0,1.0,IIaB,IV,PN G064.6+48.2,241.11082,40.68224
360,NGC 6153,341.8+05.4,0.14," ",24,8.92,24,8.68,24,-0.24,1.0,40,6.7,0.094,44.5,65.4,23.4,87,477.0,99,IC,0.64,0.36,0.0,0.0,0.0,IC,I,PN G341.8+05.4,247.87844,-40.25395
361,NGC 6210,043.1+37.7,0.109," ","7,9,21,23,18",8.72,"7,9,16,21,23,18",7.86,"7,9,21,23,18",-0.86,1.6,48,6.7,0.978,-21.4,56.1,17.0,80,207.5,93,IIbF,0.0,0.0,0.1,0.9,0.0,IIbF,III,PN G043.1+37.7,251.12288,23.79991
362,NGC 6302,349.5+01.0,0.17," ",24,8.36,24,8.46,24,0.1,1.6,48,6.0,0.028,-32.0,13.8,44.6,80,3034.0,99,IF,1.0,0.0,0.0,0.0,0.0,IF,I,PN G349.5+01.0,258.43421,-37.10443
363,NGC 6309,009.6+14.8,0.115," ","7,14,17,21,23,22",8.89,"7,14,17,16,21,23,22",8.1,"7,14,17,21,23,22",-0.79,2.1,40,5.6,0.536,-35.4,55.8,13.8,87,151.0,99,IIbF,0.0,0.14,0.47,0.39,0.0,IIbF,IIb,PN G009.6+14.8,258.51801,-12.91047
364,NGC 6326,338.1-08.3,0.111," ","23,22",8.93,"23,22",7.99,"23,22",-0.94,2.5,40,5.4,0.361,11.8,64.5,11.8,87,70.0,99,IIbC/IIIB,0.0,0.01,0.2,0.79,0.0,IIbC/IIIB,III,PN G338.1-08.3,260.19292,-51.75426
365,NGC 6337,349.3-01.1,0.19,:,22,8.76,22,7.64,22,-1.12,1.7,40,5.9,0.033,-64.2,44.6,47.0,87,103.0,99,IIaF,0.0,0.9,0.0,0.1,0.0,IIaF,IIa,PN G349.3-01.1,260.56524,-38.4843
366,NGC 6369,002.4+05.8,0.116," ","8,13,21,23,22",8.6,"8,13,16,21,23,22",8.05,"8,13,21,23,22",-0.55,0.6,40,7.0,0.061,-90.9,93.1,28.6,87,2002.0,99,IIaC,0.0,0.02,0.0,0.98,0.0,IIaC,III,PN G002.4+05.8,262.33518,-23.75951
367,NGC 6439,011.0+05.8,0.132," ","14,17,21,23",8.76,"14,17,16,21,23",8.57,"14,17,21,23",-0.18,3.8,40,4.0,0.384,-85.2,140.7,4.0,61,55.0,99,IE,0.0,0.01,0.0,0.99,0.0,IE,III,PN G011.0+05.8,267.08258,-16.47901
368,NGC 6445,008.0+03.9,0.14," ",24,8.36,24,8.46,24,0.1,2.0,51,5.6,0.136,27.0,9.6,34.0,88,368.0,99,IF,0.98,0.02,0.0,0.0,0.0,IF,I,PN G008.0+03.9,267.31337,-20.00958
369,NGC 6537,010.1+00.7,0.149," ",24,8.26,24,8.65,24,0.39,0.9,33,6.7,0.011,-6.0,17.4,9.0,88,640.0,99,IF,1.0,0.0,0.0,0.0,0.0,IF,I,PN G010.1+00.7,271.3046,-19.84302
370,NGC 6543,096.4+29.9,0.118," ",24,8.74,24,8.36,24,-0.38,1.0,50,7.7,0.498,-54.5,76.3,20.0,87,850.0,99,IIaC,0.0,0.97,0.01,0.02,0.0,IIaC,IIa,PN G096.4+29.9,269.63926,66.6332
371,NGC 6563,358.5-07.3,0.126," ","13,17,21,22",8.6,"13,17,16,21,22",8.44,"13,17,21",-0.15,1.9,40,5.7,0.241,-21.6,18.5,45.2,87,69.0,99,VA,0.04,0.95,0.01,0.0,0.0,VA,IIa,PN G358.5-07.3,273.01147,-33.86865
372,NGC 6565,003.5-04.6,0.108," ","13,17,21,23",8.87,"13,17,16,21,23",8.55,"13,17,21,23",-0.31,3.5,40,4.1,0.281,3.2,13.2,9.0,88,37.0,99,VF,0.0,0.98,0.02,0.0,0.0,VF,IIa,PN G003.5-04.6,272.96862,-28.17841
373,NGC 6567,011.7-00.6,0.102," ","15,21,23",8.48,"15,16,21,23",7.64,"15,21,23",-0.84,2.1,40,5.6,0.022,130.3,103.9,8.8,87,168.0,99,IIbC/(III/IV)B,0.0,0.0,0.0,0.99,0.01,IIbC/(III/IV)B,III,PN G011.7-00.6,273.43807,-19.07602
374,NGC 6572,034.6+11.8,0.116," ","7,14,21,23,18",8.72,"7,14,16,21,23,18",8.33,"7,14,21,23,18",-0.39,1.2,48,6.7,0.245,4.5,32.8,14.6,80,877.5,93,IIaF,0.01,0.97,0.02,0.0,0.0,IIaF,IIa,PN G034.6+11.8,273.02652,6.85361
375,NGC 6578,010.8-01.8,0.116," ","15,21,23,22",8.83,"15,16,21,23,22",8.22,"15,21,23,22",-0.61,1.8,44,5.8,0.057,15.1,5.8,9.6,87,170.0,99,IIbF,0.0,0.6,0.4,0.0,0.0,IIbF,IIa,PN G010.8-01.8,274.06882,-20.45074
376,NGC 6620,005.8-06.1,0.113," ","13,21,23",8.88,"13,16,21,23",8.49,"13,21,23",-0.38,4.0,40,3.7,0.425,79.0,45.0,5.0,87,20.5,96,VF,0.0,0.98,0.02,0.0,0.0,VF,IIa,PN G005.8-06.1,275.72577,-26.82139
377,NGC 6629,009.4-05.0,0.115," ","17,21,22,19",8.65,"17,16,21,22",7.48,"17,21,22",-1.17,2.1,43,5.5,0.183,24.7,3.4,15.0,87,275.0,99,VA,0.0,0.0,1.0,0.0,0.0,VA,IIb,PN G009.4-05.0,276.42687,-23.20294
378,NGC 6644,008.3-07.3,0.104," ","13,21,23",9.1,"13,16,21,23",8.41,"13,21,23",-0.69,2.5,33,5.2,0.318,200.6,177.6,3.0,88,97.0,99,VF,0.0,0.0,0.0,0.0,1.0,VF,IV,PN G008.3-07.3,278.14434,-25.12889
379,NGC 6720,063.1+13.9,0.117," ","7,9,21,23,18",8.81,"7,9,16,21,23,18",8.31,"7,9,21,23,18",-0.5,0.7,37,7.3,0.168,-4.3,39.0,76.0,64,360.0,99,IIaF,0.06,0.89,0.05,0.0,0.0,IIaF,IIa,PN G063.1+13.9,283.39616,33.02917
380,NGC 6741,033.8-02.6,0.11," ",24,8.82,24,8.45,24,-0.37,1.7,40,6.3,0.077,54.6,6.1,6.0,88,230.0,99,IIaF,0.02,0.94,0.04,0.0,0.0,IIaF,IIa,PN G033.8-02.6,285.65453,-0.44916
381,NGC 6751,029.2-05.9,0.11," ","12,21,23,19",8.66,"12,16,21,23,19",8.28,"12,21,23,19",-0.39,1.5,46,6.3,0.154,-26.4,66.7,21.0,87,63.0,99,IIaC,0.01,0.98,0.01,0.0,0.0,IIaC,IIa,PN G029.2-05.9,286.4815,-5.99248
382,NGC 6765,062.4+09.5,0.118," ","21,23",9.1,"21,23",8.69,"21,23",-0.41,4.1,40,6.8,0.677,-45.3,100.4,38.0,87,17.7,99,IIaC,0.0,0.15,0.0,0.84,0.01,IIaC,III,PN G062.4+09.5,287.77694,30.54514
383,NGC 6778,034.5-06.7,0.155," ","21,23,19",8.5,"16,21,23,19",8.54,"21,23,19",0.04,1.0,46,6.8,0.117,103.9,69.7,16.0,87,55.0,99,IC,0.97,0.03,0.0,0.0,0.0,IC,I,PN G034.5-06.7,289.60391,-1.5965
384,NGC 6781,041.8-02.9,0.129," ",21,8.63,"16,21",8.34,21,-0.29,1.6,51,6.5,0.081,18.0,32.0,130.0,87,347.0,99,IF,0.4,0.6,0.0,0.0,0.0,IF,IIa,PN G041.8-02.9,289.61702,6.53869
385,NGC 6790,037.8-06.3,0.116," ","7,14,21,23",8.57,"7,14,16,21,23",7.86,"7,14,21,23",-0.71,1.5,40,6.5,0.165,53.5,7.4,1.8,62,290.0,99,IIbF,0.0,0.32,0.68,0.0,0.0,IIbF,IIb,PN G037.8-06.3,290.73735,1.5129
386,NGC 6803,046.4-04.1,0.127," ","21,18",8.83,"16,21,18",8.57,"21,18",-0.26,2.5,40,6.2,0.179,26.6,40.7,6.0,88,114.0,99,IF,0.19,0.81,0.0,0.0,0.0,IF,IIa,PN G046.4-04.1,292.81871,10.05608
387,NGC 6804,045.7-04.5,0.138," ",21,8.51,"16,21",,16,,1.4,51,6.7,0.11,1.6,45.2,40.4,87,135.0,99,(I/IIa)F*,0.64,0.35,0.01,0.0,0.0,(I/IIa)F*,I,PN G045.7-04.5,292.89656,9.22556
388,NGC 6807,042.9-06.9,0.105," ","21,23",8.54,"16,21,23",7.93,"21,23",-0.6,5.5,40,5.2,0.661,-54.4,162.0,0.8,62,29.0,99,IIbC/(III/IV)B,0.0,0.0,0.0,0.0,1.0,IIbC/(III/IV)B,IV,PN G042.9-06.9,293.63976,5.68405
389,NGC 6818,025.8-17.9,0.099," ",24,8.68,24,8.1,24,-0.58,2.2,36,5.8,0.676,-3.7,51.3,18.8,87,300.0,99,IIaF,0.0,0.47,0.45,0.08,0.0,IIaF,IIa,PN G025.8-17.9,295.99102,-14.15331
390,NGC 6826,083.5+12.7,0.106," ","7,9,21,23,18",8.46,"7,9,16,21,23",7.54,"7,9,21,23",-0.92,1.9,43,7.6,0.418,6.8,21.8,25.4,87,385.0,99,IIbF,0.0,0.03,0.97,0.0,0.0,IIbF,IIb,PN G083.5+12.7,296.20063,50.52507
391,NGC 6833,082.5+11.3,0.109," ",21,8.06,"16,21",7.9,21,-0.17,4.8,33,8.4,0.941,-95.8,101.8,0.5,61,22.0,99,IIaC,0.0,0.02,0.0,0.0,0.98,IIaC,IV,PN G082.5+11.3,297.44407,48.96114
392,NGC 6853,060.8-03.6,0.126," ","21,23,18,19",8.75,"16,21,23,19",8.45,"21,23,19",-0.31,0.4,37,7.4,0.025,-28.2,60.1,330.0,87,1325.0,99,IIaC,0.09,0.91,0.0,0.0,0.0,IIaC,IIa,PN G060.8-03.6,299.90142,22.72114
393,NGC 6879,057.2-08.9,0.1," ","14,21,23",8.59,"14,16,21,23",7.9,"14,21,23",-0.69,3.7,40,6.4,0.572,22.0,44.2,5.0,87,18.0,99,IIbF,0.0,0.23,0.72,0.05,0.0,IIbF,IIb,PN G057.2-08.9,302.61117,16.92258
394,NGC 6881,074.5+02.1,0.107," ","21,23",8.73,"16,21,23",8.38,"21,23",-0.35,1.7,40,7.3,0.062,-1.2,39.3,2.6,61,120.0,99,IIaF,0.03,0.96,0.01,0.0,0.0,IIaF,IIa,PN G074.5+02.1,302.7186,37.41144
395,NGC 6884,082.1+07.0,0.113," ","7,14,21,23,18",8.8,"7,14,16,21,23,18",8.3,"7,14,21,23,18",-0.5,1.9,44,7.6,0.232,-22.8,53.2,6.0,88,200.0,99,IIaF,0.0,0.94,0.06,0.0,0.0,IIaF,IIa,PN G082.1+07.0,302.59858,46.46106
396,NGC 6886,060.1-07.7,0.107," ",24,8.81,24,8.62,24,-0.19,2.8,40,6.7,0.375,-22.7,80.3,4.0,88,108.0,99,IIaC,0.0,1.0,0.0,0.0,0.0,IIaC,IIa,PN G060.1-07.7,303.17839,19.98962
397,NGC 6891,054.1-12.1,0.114," ","7,14,21",8.62,"14,16,21",7.71,"14,21",-0.9,3.2,43,6.3,0.671,54.9,12.6,12.6,87,105.0,99,IIbF,0.0,0.03,0.97,0.0,0.0,IIbF,IIb,PN G054.1-12.1,303.78682,12.70434
398,NGC 6894,069.4-02.6,0.101," ","21,23",8.64,"16,21,23",8.48,"21,23",-0.16,1.5,40,7.2,0.068,-44.8,86.1,55.0,87,61.0,99,IIaC,0.0,0.99,0.0,0.0,0.01,IIaC,IIa,PN G069.4-02.6,304.09985,30.56477
399,NGC 6905,061.4-09.5,0.104," ","12,21",8.73,"12,16,21",8.04,"12,21",-0.69,1.0,31,7.2,0.165,4.4,34.8,47.0,87,52.0,99,IIbF,0.01,0.34,0.65,0.0,0.0,IIbF,IIb,PN G061.4-09.5,305.59558,20.10467
400,NGC 7008,093.4+05.4,0.138," ","21,19",8.71,16,,16,0.0,1.1,46,7.7,0.104,-64.7,89.9,85.6,87,217.0,99,IC,0.09,0.91,0.0,0.0,0.0,IC,IIa,PN G093.4+05.4,315.13543,54.54338
401,NGC 7009,037.7-34.5,0.113," ","7,9,13,12,21,23,18",8.76,"7,9,13,12,16,21,23,18",8.29,"7,9,13,12,21,23,18",-0.47,0.6,48,7.2,0.34,-38.6,60.8,26.8,87,750.0,99,IIaC,0.0,0.96,0.03,0.01,0.0,IIaC,IIa,PN G037.7-34.5,316.04532,-11.3634
402,NGC 7026,089.0+00.3,0.115," ","7,14,21,23,18",8.78,"7,14,16,21,23",8.49,"7,14,21,23",-0.28,0.9,40,7.6,0.005,-29.4,58.2,11.2,87,260.0,99,IIaF,0.02,0.98,0.0,0.0,0.0,IIaF,IIa,PN G089.0+00.3,316.57587,47.85149
403,NGC 7027,084.9-03.4,0.106," ",24,8.61,24,8.18,24,-0.43,0.8,48,7.6,0.047,20.2,10.7,15.0,64,5200.0,99,IIaF,0.0,0.91,0.09,0.0,0.0,IIaF,IIa,PN G084.9-03.4,316.75664,42.23616
404,NGC 7293,036.1-57.1,0.146," ","9,21,23,18",8.73,"9,16,21,23,18",8.5,"9,21,23,18",-0.23,0.2,37,7.5,0.168,-25.8,36.4,660.0,64,1292.0,99,IF,0.79,0.21,0.0,0.0,0.0,IF,I,PN G036.1-57.1,337.41062,-20.83711
405,NGC 7354,107.8+02.3,0.112," ","7,8,21,23",8.61,"7,8,16,21,23",8.11,"7,8,21,23",-0.51,0.8,40,7.9,0.032,-33.8,53.8,20.0,87,579.0,99,IIaF,0.01,0.94,0.05,0.0,0.0,IIaF,IIa,PN G107.8+02.3,340.08308,61.28558
406,NGC 7662,106.5-17.6,0.088," ",24,8.62,24,7.83,24,-0.79,0.8,48,7.9,0.242,-7.4,27.4,26.0,87,631.0,99,IIbF,0.0,0.07,0.93,0.0,0.0,IIbF,IIb,PN G106.5-17.6,351.47333,42.535
407,PB1,226.4-03.7,0.114," ",12,8.59,12,7.53,12,-1.06,,,,,,,10.0,85,18.0,91,(IIb/III/IV)D,0.0,0.0,0.49,0.48,0.03,(IIb/III/IV)D,IIb,PN G226.4-03.7,105.69485,-13.70962
408,PB3,269.7-03.6,0.126," ",1,8.83,1,8.32,1,-0.51,3.2,40,8.3,0.201,,,7.0,87,70.0,99,IIaD,0.05,0.9,0.05,0.0,0.0,IIaD,IIa,PN G269.7-03.6,133.57635,-50.53954
409,PB4,275.0-04.1,0.125," ",12,8.62,"12,16",,12,,2.9,40,7.9,0.207,,,10.8,87,71.0,99,(I/IIa)D*,0.06,0.76,0.13,0.05,0.0,(I/IIa)D*,IIa,PN G275.0-04.1,138.78228,-54.87883
410,PB6,278.8+04.9,0.178," ","17,21,23,18,19",8.65,"17,16,21,23,18,19",8.8,"17,21,23,18,19",0.15,4.0,40,8.0,0.342,49.8,66.2,11.0,87,30.0,99,IE,0.0,1.0,0.0,0.0,0.0,IE,IIa,PN G278.8+04.9,153.31645,-50.33313
411,PB8,292.4+04.1,0.124," ",12,8.69,12,,12,,5.1,40,7.4,0.365,15.6,51.1,5.0,87,27.0,99,(IIa/IIb)F*,0.0,0.8,0.14,0.06,0.0,(IIa/IIb)F*,IIa,PN G292.4+04.1,173.32382,-57.10389
412,PC12,000.1+17.2,0.09," ",21,8.82,21,7.77,21,-1.05,6.1,40,1.8,1.804,-49.9,51.6,1.8,87,19.0,99,IVC/IIbB,0.0,0.0,0.0,0.82,0.18,IVC/IIbB,III,PN G000.1+17.2,250.97409,-18.9533
413,PC14,336.2-06.9,0.111," ","12,17",9.07,"12,17,16",8.28,"12,17",-0.8,4.5,40,3.9,0.541,-43.0,74.5,7.0,87,30.0,99,IIbC/IIIB,0.0,0.01,0.03,0.96,0.0,IIbC/IIIB,III,PN G336.2-06.9,256.56153,-52.50011
414,Pe1-1,285.4+01.5,0.093," ","13,23",8.71,"13,23",8.07,"13,23",-0.64,2.2,33,7.3,0.058,11.7,49.9,3.0,87,125.3,99,IIbF,0.0,0.5,0.47,0.03,0.0,IIbF,IIa,PN G285.4+01.5,159.61503,-56.78511
415,Pe1-12,004.0-05.8,0.114," ",6,8.63,6,7.9,6,-0.73,8.8,35,1.3,0.889,168.3,62.6,9.6,"77,72,67",3.4,99,VF,0.0,0.02,0.15,0.83,0.0,VF,III,PN G004.0-05.8,274.42658,-28.28717
416,Pe1-13,010.7-06.7,0.099," ",6,9.03,6,,6,,11.4,35,4.1,1.33,-76.5,126.6,7.6,67,5.0,96,IIaE*/IIIF*/IVB*,0.0,0.0,0.0,0.0,1.0,IIaE*/IIIF*/IVB*,IV,PN G010.7-06.7,278.71525,-22.72138
417,Pe1-17,024.3-03.3,0.138," ",13,9.2,"13,16",8.8,13,-0.4,3.2,40,4.9,0.184,13.4,62.9,6.0,87,6.0,99,IIaC,0.17,0.83,0.0,0.0,0.0,IIaC,IIa,PN G024.3-03.3,281.95333,-9.15192
418,Pe1-18,027.3-02.1,0.13," ","13,14,17",8.81,"13,14,17,16",8.54,"13,14,17",-0.27,1.5,40,6.3,0.055,,,1.2,87,42.0,99,ID,0.3,0.7,0.0,0.0,0.0,ID,IIa,PN G027.3-02.1,282.19356,-5.93547
419,Pe2-7,285.4+02.2,0.113," ",12,8.45,12,7.77,12,-0.68,,,,,18.5,,,--,,,(IIb/III/IV)D,0.0,0.28,0.58,0.11,0.03,(IIb/III/IV)D,IIb,PN G285.4+02.2,160.33156,-56.15454
420,Pe2-11,002.5-01.7,0.16," ",21,8.26,21,,21,,1.3,40,6.3,0.039,164.3,160.6,5.2,76,,,VD,0.0,0.0,0.0,1.0,0.0,VD,III,PN G002.5-01.7,269.63005,-27.61816
421,Pe2-14,013.0-04.3,0.2,:,13,8.28,13,7.21,13,-1.07,3.1,40,4.6,0.232,98.9,52.2,5.0,76,,,IIaF,0.0,0.88,0.0,0.12,0.0,IIaF,IIa,PN G013.0-04.3,277.4981,-19.67715
422,PNG006.0-41.9,006.0-41.9,0.091," ",10,8.06,10,8.28,10,0.22,7.0,39,2.5,4.675,,,8.4,71,,,IIaE,0.0,0.0,0.0,0.0,1.0,IIaE,IV,PN G006.0-41.9,316.47315,-37.14452
423,PNG135.9+55.9,135.9+55.9,0.08," ",25,6.15,25,,25,,,,,,,,,--,,,(IIa/IIb/III/IV)D*,0.0,0.29,0.31,0.34,0.06,(IIa/IIb/III/IV)D*,III,PN G135.9+55.9,178.35304,59.66581
424,PNG243.8-37.1,243.8-37.1,0.1," ",10,8.1,10,7.5,10,-0.6,5.0,39,10.4,3.016,,,23.0,71,,,IIaE,0.0,0.0,0.0,0.0,1.0,IIaE,IV,PN G243.8-37.1,75.7572,-39.76235
425,PW1,158.9+17.8,," ",21,,21,,21,0.18,0.4,37,8.0,0.122,,,2400.0,68,84.7,99,indef.,0.95,0.05,0.0,0.0,0.0,indef.,I,PN G158.9+17.8,94.89306,55.61175
426,SA2-21,238.9+07.3,0.129," ",3,8.31,3,8.05,3,-0.26,3.3,34,9.7,0.419,,,40.0,84,2.4,101,IE,0.0,1.0,0.0,0.0,0.0,IE,IIa,PN G238.9+07.3,122.18449,-19.2342
427,SB01,000.1-08.0,0.077," ",5,8.22,5,7.3,5,-0.92,,,,,-45.9,,29.1,65,,,VE/(IIb/III/IV)D,0.0,0.0,0.37,0.6,0.03,VE/(IIb/III/IV)D,III,PN G000.1-08.0,274.70332,-32.79945
428,SB02,000.5-05.3,0.168," ",5,7.97,5,7.52,5,-0.45,,,,,,,25.2,65,,,VE/IIaD,0.64,0.36,0.0,0.0,0.0,VE/IIaD,I,PN G000.5-05.3,272.14458,-31.11444
429,SB03,000.7-06.1,0.159," ",5,7.69,5,7.8,5,0.11,,,,,76.4,,66.3,65,,,VE/ID,1.0,0.0,0.0,0.0,0.0,VE/ID,I,PN G000.7-06.1,273.06,-31.33306
430,SB04,001.1-06.4,0.114," ",5,7.73,5,7.75,5,0.02,,,,,29.5,,30.6,65,,,VE/IIaD,0.22,0.72,0.0,0.0,0.06,VE/IIaD,IIa,PN G001.1-06.4,273.5591,-31.18586
431,SB06,001.6-05.9,0.13," ",5,7.78,5,8.03,5,0.25,,,,,39.6,,23.1,65,,,VE/ID,0.91,0.09,0.0,0.0,0.0,VE/ID,I,PN G001.6-05.9,273.31601,-30.43291
432,SB12,005.4-06.1,0.115," ",5,7.98,5,,5,,,,,,34.3,,10.2,65,,,(V/IIa/IIb/III/IV)D*,0.05,0.47,0.31,0.15,0.02,(V/IIa/IIb/III/IV)D*,IIa,PN G005.4-06.1,275.47958,-27.16278
433,SB15,009.3-06.5,0.099," ",5,8.19,5,6.39,5,-1.8,,,,,174.9,,14.1,65,,,(V/IIb/III/IV)D,0.0,0.0,0.0,0.0,1.0,(V/IIb/III/IV)D,IV,PN G009.3-06.5,277.81099,-23.96817
434,SB17,011.1-07.9,0.142," ",5,7.97,5,7.5,5,-0.47,,,,,155.0,,19.5,65,,,IIaD,0.25,0.74,0.01,0.0,0.0,IIaD,IIa,PN G011.1-07.9,280.08304,-22.90814
435,SB18,011.4-7.3,0.103," ",5,8.26,5,6.72,5,-1.54,,,,,8.1,,12.0,65,,,(IIb/III/IV)D,0.0,0.0,0.02,0.04,0.94,(IIb/III/IV)D,IV,PN G011.4-7.3,279.67938,-22.40387
436,SB19,014.4-06.1,0.156," ",5,8.56,5,7.38,5,-1.18,,,,,82.8,,33.0,65,,,IIaD,0.0,0.05,0.01,0.94,0.0,IIaD,III,PN G014.4-06.1,279.9169,-19.23668
437,SB20,014.8-08.4,0.144," ",5,7.88,5,6.52,5,-1.36,,,,,-13.5,,22.8,65,,,IIaD,0.0,0.0,0.04,0.96,0.0,IIaD,III,PN G014.8-08.4,282.35125,-19.87111
438,SB21,016.0-07.6,0.123," ",5,8.5,5,7.02,5,-1.48,,,,,76.8,,24.3,65,,,(IIb/III/IV)D,0.0,0.0,0.19,0.79,0.02,(IIb/III/IV)D,III,PN G016.0-07.6,282.04568,-18.49389
439,SB24,017.5-09.2,0.109," ",5,8.34,5,6.87,5,-1.47,,,,,32.8,,18.9,65,,,(IIb/III/IV)D,0.0,0.0,0.11,0.23,0.66,(IIb/III/IV)D,IV,PN G017.5-09.2,284.31887,-17.84696
440,SB25,341.0+09.4,0.138," ",5,8.06,5,8.1,5,0.04,,,,,-87.2,,15.9,65,,,ID,0.94,0.06,0.0,0.0,0.0,ID,I,PN G341.0+09.4,243.40974,-37.99957
441,SB26,341.7-06.0,0.098," ",5,8.74,5,8.0,5,-0.74,,,,,-149.6,,11.4,65,,,(IIb/III/IV)D,0.0,0.07,0.61,0.19,0.13,(IIb/III/IV)D,IIb,PN G341.7-06.0,260.26213,-47.59092
442,SB28,342.3-06.0,0.114," ",5,8.75,5,,5,,,,,,-22.4,,8.4,65,,,(IIa/IIb/III/IV)D*,0.04,0.46,0.32,0.15,0.03,(IIa/IIb/III/IV)D*,IIa,PN G342.3-06.0,260.71954,-47.04686
443,SB30,343.9-05.8,0.1," ",5,8.36,5,7.56,5,-0.8,,,,,72.0,,12.3,65,,,(IIb/III/IV)D,0.0,0.04,0.62,0.23,0.11,(IIb/III/IV)D,IIb,PN G343.9-05.8,261.75944,-45.54402
444,SB31,347.9-06.0,0.11," ",5,8.96,5,8.13,5,-0.83,,,,,-64.2,,15.3,65,,,(IIb/III/IV)D,0.0,0.05,0.66,0.25,0.04,(IIb/III/IV)D,IIb,PN G347.9-06.0,265.01387,-42.40155
445,SB32,349.7-09.1,0.142," ",5,7.9,5,7.34,5,-0.56,,,,,191.9,,15.6,65,,,IIaD,0.11,0.86,0.03,0.0,0.0,IIaD,IIa,PN G349.7-09.1,269.86208,-42.41444
446,SB33,351.2-06.3,0.095," ",5,7.62,5,7.48,5,-0.14,,,,,64.5,,20.1,65,,,VE/IIaD,0.01,0.9,0.0,0.0,0.09,VE/IIaD,IIa,PN G351.2-06.3,267.61542,-39.6715
447,SB34,351.5-06.5,0.139," ",5,8.53,5,,5,,,,,,-50.5,,21.9,65,,,VE*/(I/IIa)D*,0.56,0.39,0.02,0.03,0.0,VE*/(I/IIa)D*,I,PN G351.5-06.5,268.03911,-39.53737
448,SB35,351.7-06.6,0.107," ",5,8.25,5,7.02,5,-1.23,,,,,-113.4,,13.2,65,,,(V/IIb/III/IV)D,0.0,0.0,0.37,0.45,0.18,(V/IIb/III/IV)D,III,PN G351.7-06.6,268.26173,-39.4024
449,SB37,352.6-04.9,0.146," ",5,,5,,5,,,,,,27.0,,12.0,65,,,(I/IIa/V)D*,0.73,0.24,0.01,0.02,0.0,(I/IIa/V)D*,I,PN G352.6-04.9,266.9695,-37.80086
450,SB38,352.7-08.4,0.135," ",5,8.07,5,7.49,5,-0.58,,,,,65.6,,15.0,65,,,(IIa/V)D,0.07,0.86,0.06,0.01,0.0,(IIa/V)D,IIa,PN G352.7-08.4,270.87095,-39.35747
451,SB42,355.3-07.5,0.055,:,5,7.82,5,6.71,5,-1.11,,,,,47.2,,21.0,65,,,VE/(IIb/III/IV)D,0.0,0.0,0.08,0.92,0.0,VE/(IIb/III/IV)D,III,PN G355.3-07.5,271.46898,-36.76039
452,SB44,356.0-07.4,0.136," ",5,8.93,5,7.72,5,-1.21,,,,,8.4,,27.0,65,,,VE/IIaD,0.0,0.01,0.13,0.86,0.0,VE/IIaD,III,PN G356.0-07.4,271.78314,-36.04601
453,SB50,357.3-06.5,0.141," ",5,8.13,5,7.45,5,-0.68,,,,,7.7,,23.7,65,,,VE/IIaD,0.03,0.85,0.08,0.04,0.0,VE/IIaD,IIa,PN G357.3-06.5,271.53459,-34.55853
454,SB52,358.3-07.3,0.137," ",5,8.58,5,7.31,5,-1.27,,,,,-41.2,,14.7,65,,,(IIa/V)D,0.0,0.0,0.11,0.89,0.0,(IIa/V)D,III,PN G358.3-07.3,272.91625,-34.00611
455,SB53,358.7-05.1,0.134," ",5,8.83,5,8.53,5,-0.3,,,,,-5.8,,15.6,65,,,(I/V)D,0.45,0.55,0.0,0.0,0.0,(I/V)D,IIa,PN G358.7-05.1,270.86888,-32.62402
456,SB55,359.4-08.5,0.153," ",5,7.87,5,6.6,5,-1.27,,,,,170.9,,15.0,65,,,(IIa/V)D,0.0,0.01,0.02,0.97,0.0,(IIa/V)D,III,PN G359.4-08.5,274.85971,-33.61802
457,Sh2-71,035.9-01.1,," ",21,,21,,21,0.83,1.0,40,6.8,0.019,38.3,2.9,114.0,87,63.0,99,indef.,1.0,0.0,0.0,0.0,0.0,indef.,I,PN G035.9-01.1,285.49708,2.155
458,SkWl3-2," ",0.06," ",12,7.74,12,6.81,12,-0.93,,,,,,,,--,,,(V/IIb/III/IV)D,0.0,0.0,0.11,0.89,0.0,(V/IIb/III/IV)D,III,PN StWr 3-2,108.70565,-46.96102
459,Sn1,013.3+32.7,0.092," ",21,8.59,"16,21",7.25,21,-1.33,12.5,33,3.6,6.753,-112.8,181.1,3.0,61,7.0,99,IVF,0.0,0.0,0.0,0.0,1.0,IVF,IV,PN G013.3+32.7,245.26842,-0.26959
460,SwSt1,001.5-06.7,0.107," ",21,8.65,"16,21",7.61,21,-1.04,1.4,33,6.2,0.163,-8.5,10.8,1.3,62,216.0,99,VA,0.0,0.01,0.99,0.0,0.0,VA,IIb,PN G001.5-06.7,274.05111,-30.8689
461,Tc1,345.2-08.8,0.072," ","13,22",8.69,"13,16,22",7.71,"13,22",-0.99,3.3,43,4.5,0.505,-79.2,23.5,9.6,87,801.0,99,IIbF,0.0,0.01,0.98,0.01,0.0,IIbF,IIb,PN G345.2-08.8,266.39709,-46.08991
462,Th2-A,306.4-00.6,0.104," ","12,17,23",8.73,"12,17,16,23",8.34,"12,17,23",-0.4,2.5,40,6.4,0.026,-48.6,14.2,24.4,87,60.0,99,IIaF,0.0,0.94,0.06,0.0,0.0,IIaF,IIa,PN G306.4-00.6,200.64106,-63.35027
463,Th3-13,356.1+02.7,0.089," ",6,7.61,6,7.33,6,-0.28,10.3,35,2.8,0.485,-90.5,53.4,2.0,81,14.3,95,VF,0.0,1.0,0.0,0.0,0.0,VF,IIa,PN G356.1+02.7,261.33059,-30.67827
464,Th3-15,358.8+04.0,0.107," ",6,8.06,6,7.62,6,-0.44,10.2,35,2.6,0.712,42.2,54.8,6.0,88,,,VD,0.0,0.85,0.14,0.01,0.0,VD,IIa,PN G358.8+04.0,261.79448,-27.73315
465,Th3-34,356.3-00.3,0.193," ",6,8.14,6,9.15,6,1.01,,35,,,,,,--,,,(I/V)D,1.0,0.0,0.0,0.0,0.0,(I/V)D,I,PN Th3-34,264.43717,-32.25811
466,Th4-2,008.8+05.2,0.18," ",6,8.5,6,8.72,6,0.22,11.3,35,3.9,1.024,55.9,10.6,19.0,67,2.2,97,VF,0.0,1.0,0.0,0.0,0.0,VF,IIa,PN G008.8+05.2,266.54089,-18.65858
467,Th4-7,006.8+02.3,0.072," ",6,8.35,6,7.7,6,-0.65,5.6,35,2.1,0.225,22.5,70.5,6.0,85,38.5,91,VF,0.0,0.15,0.05,0.8,0.0,VF,III,PN G006.8+02.3,268.09404,-21.85373
468,Th4-10,010.6+03.2,0.116," ",23,8.47,23,7.96,23,-0.51,,,,,39.2,,0.0,79,,,IIaD,0.03,0.79,0.15,0.01,0.02,IIaD,IIa,PN G010.6+03.2,269.2775,-18.11206
469,Vd1-1,344.2+04.7,0.079," ",13,8.02,13,7.07,13,-0.95,,,,,-136.0,,,--,,,(IIb/III/IV)D,0.0,0.0,0.39,0.57,0.04,(IIb/III/IV)D,III,PN G344.2+04.7,250.63929,-38.90884
470,Vy1-1,118.0-08.6,0.139," ",21,8.35,16,,16,,6.2,33,11.8,0.927,-45.9,2.1,6.0,61,28.9,99,IB*/IIaF*,0.0,0.22,0.76,0.02,0.0,IB*/IIaF*,IIb,PN G118.0-08.6,4.6757,53.87223
471,Vy1-2,053.3+24.0,0.096," ",21,8.84,"16,21",8.05,21,-0.79,4.7,40,6.1,1.912,-86.6,157.0,4.6,76,,,IVF,0.0,0.0,0.0,0.0,1.0,IVF,IV,PN G053.3+24.0,268.59581,27.99944
472,Vy2-1,007.0-06.8,0.145," ",6,8.94,6,9.04,6,0.1,5.6,54,2.2,0.663,117.2,24.5,3.7,87,37.0,99,VF,0.0,1.0,0.0,0.0,0.0,VF,IIa,PN G007.0-06.8,276.99835,-26.11341
473,Vy2-2,045.4-02.7,0.104," ","13,21,23",8.34,"13,16,23",7.53,"13,23",-0.81,2.2,33,6.3,0.104,-57.3,119.5,0.5,88,50.0,99,IIbC/(III/IV)B,0.0,0.0,0.0,0.99,0.01,IIbC/(III/IV)B,III,PN G045.4-02.7,291.09262,9.89907
474,Y-c2-5,240.3+07.0,0.071," ",3,9.05,3,,3,,7.7,34,13.2,0.938,,,8.0,69,4.5,101,(IIa/IIb)D*,0.0,0.02,0.07,0.91,0.0,(IIa/IIb)D*,III,PN G240.3+07.0,122.67345,-20.5256
475,Y-c2-32,013.7-10.6,0.088," ",6,8.59,6,7.59,6,-1.0,,35,,,44.5,,15.0,85,,,(IIb/III/IV)D,0.0,0.0,0.44,0.43,0.13,(IIb/III/IV)D,IIb,PN G013.7-10.6,283.8775,-21.8275
476,Ym29,205.1+14.2,," ",16,8.53,16,,16,0.04,0.5,37,8.0,0.123,17.8,24.4,615.0,87,327.0,99,indef.,0.9,0.1,0.0,0.0,0.0,indef.,I,PN G205.1+14.2,112.26128,13.24688
